RAM,Front Camera,Back Camera,Battery Capacity,Screen Size,Launched Price (USA),ROM,Company_Apple,Company_Honor,Company_Oppo,Company_Other,Company_Samsung,Company_Vivo,Processor_Avg_Price_Scaled,Cluster,PhanKhuc
6.0,12.0,48.0,3.6,6.1,799.0,0.125,1,0,0,0,0,0,8.99,3,cao
6.0,12.0,48.0,3.6,6.1,849.0,0.25,1,0,0,0,0,0,8.99,3,cao
6.0,12.0,48.0,3.6,6.1,899.0,0.5,1,0,0,0,0,0,8.99,3,cao
6.0,12.0,48.0,4.2,6.7,899.0,0.125,1,0,0,0,0,0,8.99,3,cao
6.0,12.0,48.0,4.2,6.7,949.0,0.25,1,0,0,0,0,0,8.99,3,cao
6.0,12.0,48.0,4.2,6.7,999.0,0.5,1,0,0,0,0,0,8.99,3,cao
6.0,12.0,50.0,4.4,6.1,999.0,0.125,1,0,0,0,0,0,11.24,3,cao
8.0,12.0,50.0,4.4,6.1,1049.0,0.25,1,0,0,0,0,0,11.24,3,cao
8.0,12.0,50.0,4.4,6.1,1099.0,0.5,1,0,0,0,0,0,11.24,3,cao
6.0,12.0,48.0,4.5,6.7,1099.0,0.125,1,0,0,0,0,0,11.24,3,cao
8.0,12.0,48.0,4.5,6.7,1199.0,0.25,1,0,0,0,0,0,11.24,3,cao
8.0,12.0,48.0,4.5,6.7,1299.0,0.5,1,0,0,0,0,0,11.24,3,cao
6.0,12.0,48.0,3.2,6.1,799.0,0.125,1,0,0,0,0,0,11.406666666666668,3,cao
6.0,12.0,48.0,3.2,6.1,849.0,0.25,1,0,0,0,0,0,11.406666666666668,3,cao
6.0,12.0,48.0,3.2,6.1,949.0,0.5,1,0,0,0,0,0,11.406666666666668,3,cao
6.0,12.0,48.0,4.3,6.7,899.0,0.125,1,0,0,0,0,0,11.406666666666668,3,cao
6.0,12.0,48.0,4.3,6.7,999.0,0.25,1,0,0,0,0,0,11.406666666666668,3,cao
6.0,12.0,48.0,4.3,6.7,1049.0,0.5,1,0,0,0,0,0,11.406666666666668,3,cao
6.0,12.0,48.0,4.4,6.1,1099.0,0.125,1,0,0,0,0,0,11.406666666666668,3,cao
8.0,12.0,48.0,4.4,6.1,1199.0,0.25,1,0,0,0,0,0,11.406666666666668,3,cao
8.0,12.0,48.0,4.4,6.1,1299.0,0.5,1,0,0,0,0,0,11.406666666666668,3,cao
6.0,12.0,48.0,4.5,6.7,1199.0,0.125,1,0,0,0,0,0,11.406666666666668,3,cao
8.0,12.0,48.0,4.5,6.7,1299.0,0.25,1,0,0,0,0,0,11.406666666666668,3,cao
8.0,12.0,48.0,4.5,6.7,1399.0,0.5,1,0,0,0,0,0,11.406666666666668,3,cao
6.0,12.0,12.0,3.2,6.1,799.0,0.125,1,0,0,0,0,0,9.795555555555556,3,cao
6.0,12.0,12.0,3.2,6.1,849.0,0.25,1,0,0,0,0,0,9.795555555555556,3,cao
6.0,12.0,12.0,3.2,6.1,949.0,0.5,1,0,0,0,0,0,9.795555555555556,3,cao
6.0,12.0,12.0,4.325,6.7,899.0,0.125,1,0,0,0,0,0,9.795555555555556,3,cao
6.0,12.0,12.0,4.325,6.7,999.0,0.25,1,0,0,0,0,0,9.795555555555556,3,cao
6.0,12.0,12.0,4.325,6.7,1049.0,0.5,1,0,0,0,0,0,9.795555555555556,3,cao
6.0,12.0,48.0,4.2,6.1,1099.0,0.125,1,0,0,0,0,0,11.406666666666668,3,cao
8.0,12.0,48.0,4.2,6.1,1199.0,0.25,1,0,0,0,0,0,11.406666666666668,3,cao
8.0,12.0,48.0,4.2,6.1,1299.0,0.5,1,0,0,0,0,0,11.406666666666668,3,cao
6.0,12.0,48.0,4.5,6.7,1199.0,0.125,1,0,0,0,0,0,11.406666666666668,3,cao
8.0,12.0,48.0,4.5,6.7,1299.0,0.25,1,0,0,0,0,0,11.406666666666668,3,cao
8.0,12.0,48.0,4.5,6.7,1399.0,0.5,1,0,0,0,0,0,11.406666666666668,3,cao
4.0,12.0,12.0,2.438,5.4,699.0,0.125,1,0,0,0,0,0,9.795555555555556,3,cao
4.0,12.0,12.0,2.438,5.4,799.0,0.25,1,0,0,0,0,0,9.795555555555556,3,cao
4.0,12.0,12.0,2.438,5.4,899.0,0.5,1,0,0,0,0,0,9.795555555555556,3,cao
4.0,12.0,12.0,3.24,6.1,799.0,0.125,1,0,0,0,0,0,9.795555555555556,3,cao
4.0,12.0,12.0,3.24,6.1,899.0,0.25,1,0,0,0,0,0,9.795555555555556,3,cao
4.0,12.0,12.0,3.24,6.1,999.0,0.5,1,0,0,0,0,0,9.795555555555556,3,cao
6.0,12.0,12.0,3.095,6.1,999.0,0.125,1,0,0,0,0,0,9.795555555555556,3,cao
6.0,12.0,12.0,3.095,6.1,1099.0,0.25,1,0,0,0,0,0,9.795555555555556,3,cao
6.0,12.0,12.0,3.095,6.1,1199.0,0.5,1,0,0,0,0,0,9.795555555555556,3,cao
6.0,12.0,12.0,4.352,6.7,1099.0,0.125,1,0,0,0,0,0,9.795555555555556,3,cao
6.0,12.0,12.0,4.352,6.7,1199.0,0.25,1,0,0,0,0,0,9.795555555555556,3,cao
6.0,12.0,12.0,4.352,6.7,1399.0,0.5,1,0,0,0,0,0,9.795555555555556,3,cao
4.0,12.0,12.0,2.227,5.4,699.0,0.0625,1,0,0,0,0,0,9.597142857142856,3,cao
4.0,12.0,12.0,2.227,5.4,799.0,0.125,1,0,0,0,0,0,9.597142857142856,3,cao
4.0,12.0,12.0,2.227,5.4,899.0,0.25,1,0,0,0,0,0,9.597142857142856,3,cao
4.0,12.0,12.0,2.815,6.1,799.0,0.0625,1,0,0,0,0,0,9.597142857142856,3,cao
4.0,12.0,12.0,2.815,6.1,899.0,0.125,1,0,0,0,0,0,9.597142857142856,3,cao
4.0,12.0,12.0,2.815,6.1,999.0,0.25,1,0,0,0,0,0,9.597142857142856,3,cao
6.0,12.0,12.0,2.815,6.1,999.0,0.125,1,0,0,0,0,0,9.597142857142856,3,cao
6.0,12.0,12.0,2.815,6.1,1099.0,0.25,1,0,0,0,0,0,9.597142857142856,3,cao
6.0,12.0,12.0,2.815,6.1,1199.0,0.5,1,0,0,0,0,0,9.597142857142856,3,cao
6.0,12.0,12.0,3.687,6.7,1099.0,0.125,1,0,0,0,0,0,9.597142857142856,3,cao
6.0,12.0,12.0,3.687,6.7,1199.0,0.25,1,0,0,0,0,0,9.597142857142856,3,cao
6.0,12.0,12.0,3.687,6.7,1399.0,0.5,1,0,0,0,0,0,9.597142857142856,3,cao
4.0,12.0,12.0,3.11,6.1,699.0,0.0625,1,0,0,0,0,0,9.226363636363637,3,cao
4.0,12.0,12.0,3.11,6.1,799.0,0.125,1,0,0,0,0,0,9.226363636363637,3,cao
4.0,12.0,12.0,3.11,6.1,899.0,0.25,1,0,0,0,0,0,9.226363636363637,3,cao
4.0,12.0,12.0,3.046,5.8,999.0,0.0625,1,0,0,0,0,0,9.226363636363637,3,cao
4.0,12.0,12.0,3.046,5.8,1099.0,0.25,1,0,0,0,0,0,9.226363636363637,3,cao
4.0,12.0,12.0,3.046,5.8,1199.0,0.5,1,0,0,0,0,0,9.226363636363637,3,cao
4.0,12.0,12.0,3.969,6.5,1099.0,0.0625,1,0,0,0,0,0,9.226363636363637,3,cao
4.0,12.0,12.0,3.969,6.5,1199.0,0.25,1,0,0,0,0,0,9.226363636363637,3,cao
4.0,12.0,12.0,3.969,6.5,1399.0,0.5,1,0,0,0,0,0,9.226363636363637,3,cao
3.0,7.0,12.0,2.716,5.8,999.0,0.0625,1,0,0,0,0,0,10.49,3,cao
3.0,7.0,12.0,2.716,5.8,1099.0,0.25,1,0,0,0,0,0,10.49,3,cao
4.0,7.0,12.0,2.658,5.8,999.0,0.0625,1,0,0,0,0,0,9.535454545454543,3,cao
4.0,7.0,12.0,2.658,5.8,1099.0,0.25,1,0,0,0,0,0,9.535454545454543,3,cao
4.0,7.0,12.0,2.658,5.8,1299.0,0.5,1,0,0,0,0,0,9.535454545454543,3,cao
4.0,7.0,12.0,3.174,6.5,1099.0,0.0625,1,0,0,0,0,0,9.535454545454543,3,cao
4.0,7.0,12.0,3.174,6.5,1249.0,0.25,1,0,0,0,0,0,9.535454545454543,3,cao
4.0,7.0,12.0,3.174,6.5,1399.0,0.5,1,0,0,0,0,0,9.535454545454543,3,cao
3.0,7.0,12.0,2.942,6.1,749.0,0.0625,1,0,0,0,0,0,9.535454545454543,3,cao
3.0,7.0,12.0,2.942,6.1,799.0,0.125,1,0,0,0,0,0,9.535454545454543,3,cao
3.0,7.0,12.0,2.942,6.1,899.0,0.25,1,0,0,0,0,0,9.535454545454543,3,cao
4.0,12.0,12.0,7.608,10.9,599.0,0.0625,1,0,0,0,0,0,9.597142857142856,1,trung
4.0,12.0,12.0,7.608,10.9,749.0,0.25,1,0,0,0,0,0,9.597142857142856,1,trung
3.0,12.0,8.0,8.612,10.2,329.0,0.03125,1,0,0,0,0,0,9.226363636363637,1,trung
3.0,12.0,8.0,8.612,10.2,429.0,0.125,1,0,0,0,0,0,9.226363636363637,1,trung
3.0,7.0,8.0,5.124,7.9,399.0,0.0625,1,0,0,0,0,0,9.535454545454543,3,cao
3.0,7.0,8.0,5.124,7.9,499.0,0.25,1,0,0,0,0,0,9.535454545454543,3,cao
4.0,7.0,12.0,7.812,11.0,799.0,0.125,1,0,0,0,0,0,12.08090909090909,1,trung
4.0,7.0,12.0,7.812,11.0,899.0,0.25,1,0,0,0,0,0,12.08090909090909,1,trung
6.0,7.0,12.0,7.812,11.0,1099.0,0.5,1,0,0,0,0,0,12.08090909090909,1,trung
6.0,7.0,12.0,9.72,12.9,999.0,0.125,1,0,0,0,0,0,12.08090909090909,1,trung
6.0,7.0,12.0,9.72,12.9,1099.0,0.25,1,0,0,0,0,0,12.08090909090909,1,trung
6.0,7.0,12.0,9.72,12.9,1299.0,0.5,1,0,0,0,0,0,12.08090909090909,1,trung
6.0,7.0,12.0,10.307,13.0,1099.0,0.125,1,0,0,0,0,0,12.08090909090909,1,trung
6.0,7.0,12.0,10.307,13.0,1199.0,0.25,1,0,0,0,0,0,12.08090909090909,1,trung
6.0,7.0,12.0,10.307,13.0,1399.0,0.5,1,0,0,0,0,0,12.08090909090909,1,trung
6.0,7.0,12.0,10.307,13.0,1599.0,1.0,1,0,0,0,0,0,12.08090909090909,1,trung
6.0,7.0,12.0,10.307,13.0,1799.0,2.0,1,0,0,0,0,0,12.08090909090909,1,trung
12.0,12.0,200.0,5.0,6.8,1199.0,0.125,0,0,0,0,1,0,10.156666666666666,0,can cao cap
12.0,12.0,200.0,5.0,6.8,1299.0,0.25,0,0,0,0,1,0,10.156666666666666,0,can cao cap
8.0,12.0,50.0,4.8,6.6,899.0,0.125,0,0,0,0,1,0,10.156666666666666,0,can cao cap
8.0,12.0,50.0,4.8,6.6,999.0,0.25,0,0,0,0,1,0,10.156666666666666,0,can cao cap
8.0,12.0,50.0,4.0,6.1,799.0,0.125,0,0,0,0,1,0,10.156666666666666,0,can cao cap
8.0,12.0,50.0,4.0,6.1,899.0,0.25,0,0,0,0,1,0,10.156666666666666,0,can cao cap
12.0,12.0,200.0,5.0,6.8,1199.0,0.125,0,0,0,0,1,0,10.506666666666668,0,can cao cap
12.0,12.0,200.0,5.0,6.8,1299.0,0.25,0,0,0,0,1,0,10.506666666666668,0,can cao cap
8.0,12.0,50.0,4.7,6.6,899.0,0.125,0,0,0,0,1,0,10.506666666666668,0,can cao cap
8.0,12.0,50.0,4.7,6.6,999.0,0.25,0,0,0,0,1,0,10.506666666666668,0,can cao cap
8.0,12.0,50.0,3.9,6.1,799.0,0.125,0,0,0,0,1,0,10.506666666666668,0,can cao cap
8.0,12.0,50.0,3.9,6.1,899.0,0.25,0,0,0,0,1,0,10.506666666666668,0,can cao cap
12.0,10.0,108.0,5.0,6.8,1099.0,0.125,0,0,0,0,1,0,9.156666666666666,0,can cao cap
12.0,10.0,108.0,5.0,6.8,1199.0,0.25,0,0,0,0,1,0,9.156666666666666,0,can cao cap
8.0,10.0,50.0,4.5,6.6,799.0,0.125,0,0,0,0,1,0,9.156666666666666,0,can cao cap
8.0,10.0,50.0,4.5,6.6,899.0,0.25,0,0,0,0,1,0,9.156666666666666,0,can cao cap
8.0,10.0,50.0,3.8,6.1,699.0,0.125,0,0,0,0,1,0,9.156666666666666,0,can cao cap
8.0,10.0,50.0,3.8,6.1,799.0,0.25,0,0,0,0,1,0,9.156666666666666,0,can cao cap
12.0,10.0,50.0,4.4,7.6,1799.0,0.25,0,0,0,0,1,0,10.506666666666668,0,can cao cap
12.0,10.0,50.0,4.4,7.6,1899.0,0.5,0,0,0,0,1,0,10.506666666666668,0,can cao cap
8.0,12.0,12.0,3.7,6.7,999.0,0.25,0,0,0,0,1,0,10.506666666666668,0,can cao cap
8.0,12.0,12.0,3.7,6.7,1099.0,0.5,0,0,0,0,1,0,10.506666666666668,0,can cao cap
12.0,10.0,50.0,4.4,7.6,1799.0,0.25,0,0,0,0,1,0,10.08375,0,can cao cap
12.0,10.0,50.0,4.4,7.6,1899.0,0.5,0,0,0,0,1,0,10.08375,0,can cao cap
8.0,10.0,12.0,3.7,6.7,999.0,0.25,0,0,0,0,1,0,10.08375,0,can cao cap
8.0,10.0,12.0,3.7,6.7,1099.0,0.5,0,0,0,0,1,0,10.08375,0,can cao cap
6.0,32.0,50.0,5.0,6.4,399.0,0.125,0,0,0,0,1,0,4.3788888888888895,2,thap
6.0,32.0,50.0,5.0,6.4,449.0,0.25,0,0,0,0,1,0,4.3788888888888895,0,can cao cap
6.0,13.0,48.0,5.0,6.6,349.0,0.125,0,0,0,0,1,0,3.74,2,thap
6.0,13.0,48.0,5.0,6.6,399.0,0.25,0,0,0,0,1,0,3.74,2,thap
6.0,13.0,50.0,5.0,6.5,299.0,0.125,0,0,0,0,1,0,2.853809523809524,2,thap
6.0,13.0,50.0,5.0,6.5,349.0,0.25,0,0,0,0,1,0,2.853809523809524,2,thap
4.0,13.0,50.0,5.0,6.6,249.0,0.125,0,0,0,0,1,0,2.601111111111111,2,thap
4.0,13.0,50.0,5.0,6.6,299.0,0.25,0,0,0,0,1,0,2.601111111111111,2,thap
4.0,5.0,50.0,5.0,6.5,199.0,0.0625,0,0,0,0,1,0,2.601111111111111,2,thap
4.0,5.0,50.0,5.0,6.5,249.0,0.125,0,0,0,0,1,0,2.601111111111111,2,thap
8.0,32.0,108.0,6.0,6.7,349.0,0.125,0,0,0,0,1,0,4.3788888888888895,0,can cao cap
8.0,32.0,108.0,6.0,6.7,399.0,0.25,0,0,0,0,1,0,4.3788888888888895,0,can cao cap
6.0,13.0,50.0,6.0,6.5,299.0,0.125,0,0,0,0,1,0,3.24,2,thap
6.0,13.0,50.0,6.0,6.5,349.0,0.25,0,0,0,0,1,0,3.24,2,thap
4.0,13.0,50.0,6.0,6.6,249.0,0.125,0,0,0,0,1,0,2.601111111111111,2,thap
4.0,13.0,50.0,6.0,6.6,299.0,0.25,0,0,0,0,1,0,2.601111111111111,2,thap
4.0,5.0,13.0,5.0,6.5,199.0,0.0625,0,0,0,0,1,0,1.915,2,thap
4.0,5.0,13.0,5.0,6.5,249.0,0.125,0,0,0,0,1,0,1.915,2,thap
8.0,32.0,108.0,6.0,6.7,349.0,0.125,0,0,0,0,1,0,4.3788888888888895,0,can cao cap
8.0,32.0,108.0,6.0,6.7,399.0,0.25,0,0,0,0,1,0,4.3788888888888895,0,can cao cap
6.0,13.0,50.0,6.0,6.5,299.0,0.125,0,0,0,0,1,0,3.24,2,thap
6.0,13.0,50.0,6.0,6.5,349.0,0.25,0,0,0,0,1,0,3.24,2,thap
4.0,13.0,50.0,6.0,6.6,249.0,0.125,0,0,0,0,1,0,2.601111111111111,2,thap
4.0,13.0,50.0,6.0,6.6,299.0,0.25,0,0,0,0,1,0,2.601111111111111,2,thap
12.0,10.0,108.0,4.5,6.9,1299.0,0.125,0,0,0,0,1,0,11.99,0,can cao cap
12.0,10.0,108.0,4.5,6.9,1399.0,0.25,0,0,0,0,1,0,11.99,0,can cao cap
8.0,10.0,108.0,4.3,6.7,999.0,0.125,0,0,0,0,1,0,11.99,0,can cao cap
8.0,10.0,108.0,4.3,6.7,1099.0,0.25,0,0,0,0,1,0,11.99,0,can cao cap
12.0,10.0,12.0,4.3,6.8,1099.0,0.25,0,0,0,0,1,0,10.365,0,can cao cap
12.0,10.0,12.0,4.3,6.8,1199.0,0.5,0,0,0,0,1,0,10.365,0,can cao cap
8.0,10.0,12.0,3.5,6.3,949.0,0.25,0,0,0,0,1,0,10.365,0,can cao cap
8.0,10.0,12.0,3.5,6.3,899.0,0.125,0,0,0,0,1,0,10.365,0,can cao cap
6.0,13.0,50.0,4.05,6.6,499.0,0.125,0,0,0,0,1,0,4.3788888888888895,2,thap
4.0,5.0,16.0,3.0,5.3,249.0,0.0625,0,0,0,0,1,0,2.601111111111111,2,thap
4.0,16.0,16.0,3.5,6.0,199.0,0.0625,0,0,0,0,1,0,1.99,2,thap
3.0,13.0,13.0,3.6,5.5,179.0,0.0625,0,0,0,0,1,0,1.79,2,thap
4.0,8.0,13.0,3.3,6.0,169.0,0.0625,0,0,0,0,1,0,1.69,2,thap
2.0,5.0,13.0,3.0,5.5,129.0,0.015625,0,0,0,0,1,0,1.29,2,thap
6.0,16.0,16.0,4.0,6.0,399.0,0.0625,0,0,0,0,1,0,3.49,2,thap
4.0,16.0,16.0,3.3,5.7,299.0,0.0625,0,0,0,0,1,0,2.74,2,thap
4.0,8.0,16.0,2.6,5.2,249.0,0.03125,0,0,0,0,1,0,2.49,2,thap
12.0,10.0,108.0,4.5,7.6,1499.0,0.25,0,0,0,0,1,0,8.115,0,can cao cap
12.0,10.0,108.0,4.5,7.6,1399.0,0.25,0,0,0,0,1,0,8.115,0,can cao cap
12.0,12.0,13.0,11.2,14.6,1199.0,0.25,0,0,0,0,1,0,10.506666666666668,1,trung
12.0,12.0,13.0,10.09,12.4,999.0,0.25,0,0,0,0,1,0,10.506666666666668,1,trung
8.0,12.0,13.0,8.4,11.0,799.0,0.125,0,0,0,0,1,0,10.506666666666668,1,trung
6.0,12.0,8.0,8.0,10.9,549.0,0.125,0,0,0,0,1,0,4.3788888888888895,1,trung
12.0,12.0,13.0,11.2,14.6,1099.0,0.25,0,0,0,0,1,0,10.08375,1,trung
8.0,12.0,13.0,10.09,12.4,899.0,0.25,0,0,0,0,1,0,10.08375,1,trung
8.0,12.0,13.0,8.0,11.0,699.0,0.125,0,0,0,0,1,0,10.08375,1,trung
8.0,5.0,8.0,7.04,11.0,229.0,0.125,0,0,0,0,1,0,3.7,1,trung
4.0,2.0,8.0,5.1,8.7,179.0,0.0625,0,0,0,0,1,0,2.853809523809524,2,thap
4.0,5.0,8.0,7.04,10.5,199.0,0.0625,0,0,0,0,1,0,1.99,1,trung
3.0,2.0,8.0,5.1,8.7,149.0,0.03125,0,0,0,0,1,0,1.49,2,thap
6.0,5.0,13.0,5.05,8.0,549.0,0.125,0,0,0,0,1,0,4.3788888888888895,2,thap
6.0,8.0,13.0,7.6,10.1,649.0,0.125,0,0,0,0,1,0,5.1525,1,trung
4.0,5.0,13.0,5.05,8.0,499.0,0.0625,0,0,0,0,1,0,4.99,2,thap
1.5,2.0,5.0,5.0,10.1,129.0,0.015625,0,0,0,0,1,0,1.29,2,thap
1.5,2.0,5.0,5.0,8.0,99.0,0.015625,0,0,0,0,1,0,0.99,2,thap
12.0,32.0,50.0,5.0,6.7,799.0,0.25,0,0,0,1,0,0,11.306666666666668,0,can cao cap
12.0,16.0,50.0,4.5,6.7,699.0,0.25,0,0,0,1,0,0,10.506666666666668,0,can cao cap
12.0,16.0,50.0,5.0,6.7,699.0,0.25,0,0,0,1,0,0,10.08375,0,can cao cap
12.0,16.0,50.0,5.0,6.7,599.0,0.25,0,0,0,1,0,0,10.08375,0,can cao cap
12.0,16.0,50.0,5.0,6.74,499.0,0.25,0,0,0,1,0,0,6.444545454545455,0,can cao cap
8.0,16.0,50.0,5.0,6.72,399.0,0.125,0,0,0,1,0,0,3.99,2,thap
8.0,16.0,108.0,5.0,6.72,299.0,0.125,0,0,0,1,0,0,3.7,2,thap
8.0,16.0,64.0,5.0,6.72,249.0,0.125,0,0,0,1,0,0,2.29,2,thap
16.0,32.0,48.0,4.8,7.8,1099.0,0.25,0,0,0,1,0,0,10.506666666666668,0,can cao cap
12.0,32.0,50.0,5.0,6.7,899.0,0.25,0,0,0,1,0,0,10.08375,0,can cao cap
12.0,16.0,50.0,4.5,6.7,749.0,0.25,0,0,0,1,0,0,7.823333333333334,0,can cao cap
12.0,16.0,48.0,4.5,6.7,699.0,0.25,0,0,0,1,0,0,8.115,0,can cao cap
8.0,16.0,48.0,4.5,6.55,599.0,0.125,0,0,0,1,0,0,8.115,2,thap
16.0,32.0,50.0,5.0,6.7,899.0,0.25,0,0,0,1,0,0,10.506666666666668,0,can cao cap
8.0,32.0,50.0,4.5,6.43,399.0,0.125,0,0,0,1,0,0,5.49,2,thap
8.0,32.0,50.0,4.5,6.43,349.0,0.125,0,0,0,1,0,0,3.74,2,thap
4.0,16.0,13.0,5.0,6.49,199.0,0.0625,0,0,0,1,0,0,2.19,2,thap
4.0,8.0,13.0,5.0,6.52,179.0,0.0625,0,0,0,1,0,0,1.79,2,thap
12.0,16.0,48.0,4.5,6.55,749.0,0.25,0,0,0,1,0,0,6.934444444444445,0,can cao cap
8.0,16.0,48.0,4.5,6.55,649.0,0.125,0,0,0,1,0,0,8.115,2,thap
12.0,16.0,48.0,4.5,6.55,599.0,0.25,0,0,0,1,0,0,6.934444444444445,0,can cao cap
12.0,16.0,50.0,4.5,6.7,749.0,0.25,0,0,0,1,0,0,7.823333333333334,0,can cao cap
8.0,16.0,48.0,4.5,6.55,599.0,0.125,0,0,0,1,0,0,4.3,2,thap
12.0,16.0,48.0,4.51,6.78,749.0,0.25,0,0,0,1,0,0,6.934444444444445,0,can cao cap
8.0,16.0,48.0,4.3,6.55,699.0,0.125,0,0,0,1,0,0,6.934444444444445,2,thap
6.0,16.0,64.0,5.0,6.59,249.0,0.125,0,0,0,1,0,0,4.37,2,thap
8.0,16.0,64.0,4.5,6.43,299.0,0.125,0,0,0,1,0,0,4.334444444444444,2,thap
6.0,16.0,48.0,4.115,6.44,349.0,0.125,0,0,0,1,0,0,4.171818181818182,2,thap
6.0,16.0,64.0,4.5,6.43,299.0,0.125,0,0,0,1,0,0,3.24,2,thap
8.0,32.0,50.0,4.5,6.43,399.0,0.125,0,0,0,1,0,0,3.74,2,thap
4.0,8.0,13.0,5.0,6.52,179.0,0.0625,0,0,0,1,0,0,1.79,2,thap
6.0,16.0,64.0,4.3,6.49,299.0,0.125,0,0,0,1,0,0,2.99,2,thap
8.0,16.0,48.0,4.3,6.55,649.0,0.125,0,0,0,1,0,0,6.934444444444445,2,thap
6.0,16.0,48.0,3.7,6.41,599.0,0.125,0,0,0,1,0,0,7.004285714285714,2,thap
10.0,16.0,20.0,3.7,6.41,799.0,0.25,0,0,0,1,0,0,6.99,0,can cao cap
6.0,16.0,16.0,3.3,6.01,649.0,0.125,0,0,0,1,0,0,6.24,2,thap
8.0,16.0,50.0,4.5,6.7,849.0,0.125,0,0,0,1,0,0,10.506666666666668,0,can cao cap
12.0,32.0,50.0,5.0,6.7,799.0,0.125,0,0,0,1,0,0,10.506666666666668,0,can cao cap
8.0,16.0,50.0,4.5,6.7,599.0,0.125,0,0,0,1,0,0,4.364,2,thap
12.0,16.0,48.0,4.0,6.67,799.0,0.25,0,0,0,1,0,0,7.004285714285714,0,can cao cap
6.0,16.0,20.0,3.3,6.28,599.0,0.125,0,0,0,1,0,0,6.99,2,thap
8.0,16.0,20.0,3.3,5.5,599.0,0.125,0,0,0,1,0,0,6.24,2,thap
8.0,32.0,64.0,4.0,6.44,299.0,0.125,0,0,0,1,0,0,4.171818181818182,2,thap
12.0,16.0,48.0,4.51,6.78,899.0,0.25,0,0,0,1,0,0,6.934444444444445,0,can cao cap
12.0,16.0,48.0,4.5,6.55,799.0,0.25,0,0,0,1,0,0,6.934444444444445,0,can cao cap
12.0,16.0,48.0,4.085,6.67,899.0,0.25,0,0,0,1,0,0,7.004285714285714,0,can cao cap
12.0,32.0,50.0,5.0,6.7,849.0,0.125,0,0,0,1,0,0,11.306666666666668,0,can cao cap
8.0,16.0,64.0,4.8,6.55,799.0,0.125,0,0,0,1,0,0,10.506666666666668,0,can cao cap
12.0,32.0,50.0,5.0,6.7,899.0,0.25,0,0,0,1,0,0,10.506666666666668,0,can cao cap
12.0,16.0,50.0,5.0,6.7,849.0,0.25,0,0,0,1,0,0,10.506666666666668,0,can cao cap
8.0,8.0,13.0,9.51,11.61,499.0,0.125,0,0,0,1,0,0,6.444545454545455,1,trung
8.0,8.0,13.0,9.51,11.61,549.0,0.125,0,0,0,1,0,0,6.444545454545455,1,trung
12.0,16.0,50.0,11.0,12.4,799.0,0.125,0,0,0,1,0,0,11.306666666666668,1,trung
12.0,32.0,50.0,6.0,6.78,999.0,0.125,0,0,0,0,0,1,11.09,0,can cao cap
12.0,32.0,50.0,6.0,6.78,1099.0,0.25,0,0,0,0,0,1,11.09,0,can cao cap
16.0,32.0,200.0,6.0,6.78,1199.0,0.25,0,0,0,0,0,1,11.09,0,can cao cap
16.0,32.0,200.0,6.0,6.78,1299.0,0.5,0,0,0,0,0,1,11.09,0,can cao cap
16.0,32.0,50.0,5.7,6.31,949.0,0.25,0,0,0,0,0,1,11.09,0,can cao cap
8.0,44.0,64.0,4.1,6.44,449.0,0.125,0,0,0,0,0,1,5.1525,0,can cao cap
12.0,16.0,64.0,5.0,6.58,399.0,0.125,0,0,0,0,0,1,4.615,0,can cao cap
8.0,16.0,50.0,5.0,6.67,349.0,0.125,0,0,0,0,0,1,4.3,2,thap
8.0,16.0,64.0,4.5,6.38,299.0,0.125,0,0,0,0,0,1,3.59,2,thap
12.0,32.0,108.0,4.7,6.56,599.0,0.25,0,0,0,0,0,1,10.506666666666668,0,can cao cap
12.0,32.0,64.0,4.5,6.44,549.0,0.125,0,0,0,0,0,1,5.49,0,can cao cap
16.0,16.0,50.0,5.0,6.78,699.0,0.25,0,0,0,0,0,1,11.306666666666668,0,can cao cap
6.0,12.0,16.0,3.315,6.3,249.0,0.0625,0,0,0,0,0,1,2.54,2,thap
4.0,24.0,16.0,3.26,6.3,219.0,0.0625,0,0,0,0,0,1,2.19,2,thap
6.0,20.0,16.0,4.0,5.88,299.0,0.125,0,0,0,0,0,1,3.49,2,thap
3.0,5.0,13.0,3.26,6.22,149.0,0.03125,0,0,0,0,0,1,1.49,2,thap
2.0,5.0,13.0,2.3,5.5,199.0,0.015625,0,0,0,0,0,1,1.99,2,thap
4.0,20.0,16.0,3.055,5.5,249.0,0.0625,0,0,0,0,0,1,2.74,2,thap
4.0,20.0,13.0,4.03,6.22,199.0,0.0625,0,0,0,0,0,1,1.99,2,thap
4.0,8.0,13.0,3.0,5.5,179.0,0.03125,0,0,0,0,0,1,1.79,2,thap
1.0,5.0,13.0,2.0,5.0,139.0,0.015625,0,0,0,0,0,1,1.39,2,thap
3.0,16.0,13.0,3.0,5.5,179.0,0.03125,0,0,0,0,0,1,1.79,2,thap
8.0,32.0,48.0,4.5,6.44,399.0,0.125,0,0,0,0,0,1,3.44,2,thap
8.0,32.0,48.0,4.5,6.44,429.0,0.25,0,0,0,0,0,1,3.44,0,can cao cap
8.0,32.0,48.0,4.1,6.44,399.0,0.125,0,0,0,0,0,1,4.19,2,thap
8.0,32.0,48.0,4.1,6.44,429.0,0.25,0,0,0,0,0,1,4.19,0,can cao cap
3.0,8.0,13.0,5.0,6.51,159.0,0.0625,0,0,0,0,0,1,1.915,2,thap
4.0,8.0,13.0,5.0,6.51,179.0,0.125,0,0,0,0,0,1,1.915,2,thap
6.0,32.0,48.0,4.5,6.38,249.0,0.125,0,0,0,0,0,1,2.59,2,thap
6.0,32.0,48.0,4.5,6.38,269.0,0.25,0,0,0,0,0,1,2.59,2,thap
3.0,8.0,13.0,5.0,6.35,149.0,0.03125,0,0,0,0,0,1,1.59,2,thap
3.0,8.0,13.0,5.0,6.35,169.0,0.0625,0,0,0,0,0,1,1.59,2,thap
6.0,32.0,48.0,4.0,6.53,299.0,0.125,0,0,0,0,0,1,3.09,2,thap
6.0,32.0,48.0,4.0,6.53,319.0,0.25,0,0,0,0,0,1,3.09,2,thap
8.0,32.0,48.0,4.0,6.39,499.0,0.125,0,0,0,0,0,1,5.24,0,can cao cap
8.0,32.0,48.0,4.0,6.39,549.0,0.25,0,0,0,0,0,1,5.24,0,can cao cap
4.0,8.0,13.0,5.0,6.47,199.0,0.125,0,0,0,0,0,1,1.915,2,thap
3.0,8.0,13.0,5.0,6.47,169.0,0.0625,0,0,0,0,0,1,1.915,2,thap
4.0,16.0,16.0,4.5,6.53,249.0,0.0625,0,0,0,0,0,1,3.44,2,thap
6.0,16.0,16.0,4.5,6.53,299.0,0.125,0,0,0,0,0,1,3.44,2,thap
6.0,12.0,12.0,3.2,6.28,349.0,0.125,0,0,0,0,0,1,3.24,2,thap
4.0,12.0,12.0,3.2,6.28,299.0,0.0625,0,0,0,0,0,1,3.24,2,thap
8.0,50.0,64.0,4.05,6.44,299.0,0.125,0,0,0,0,0,1,2.715,0,can cao cap
8.0,50.0,64.0,4.05,6.44,349.0,0.25,0,0,0,0,0,1,2.715,0,can cao cap
8.0,16.0,50.0,5.0,6.58,239.0,0.125,0,0,0,0,0,1,2.15,2,thap
4.0,16.0,50.0,5.0,6.58,179.0,0.0625,0,0,0,0,0,1,2.15,2,thap
12.0,32.0,48.0,4.2,6.56,899.0,0.25,0,0,0,0,0,1,9.49,0,can cao cap
12.0,32.0,48.0,4.2,6.56,999.0,0.5,0,0,0,0,0,1,9.49,0,can cao cap
8.0,44.0,64.0,4.0,6.44,499.0,0.125,0,0,0,0,0,1,3.81,0,can cao cap
8.0,44.0,64.0,4.0,6.44,549.0,0.25,0,0,0,0,0,1,3.81,0,can cao cap
8.0,16.0,50.0,5.0,6.58,349.0,0.125,0,0,0,0,0,1,2.297333333333333,2,thap
8.0,16.0,50.0,5.0,6.58,399.0,0.25,0,0,0,0,0,1,2.297333333333333,2,thap
6.0,16.0,64.0,5.0,6.58,229.0,0.125,0,0,0,0,0,1,2.15,2,thap
6.0,16.0,64.0,5.0,6.58,179.0,0.0625,0,0,0,0,0,1,2.15,2,thap
6.0,32.0,48.0,3.7,6.39,399.0,0.125,0,0,0,0,0,1,4.19,2,thap
6.0,32.0,48.0,3.7,6.39,449.0,0.25,0,0,0,0,0,1,4.19,2,thap
8.0,32.0,50.0,4.45,6.56,749.0,0.125,0,0,0,0,0,1,4.334444444444444,0,can cao cap
8.0,32.0,50.0,4.45,6.56,799.0,0.25,0,0,0,0,0,1,4.334444444444444,0,can cao cap
6.0,16.0,50.0,5.0,6.58,269.0,0.125,0,0,0,0,0,1,2.67875,2,thap
8.0,16.0,50.0,5.0,6.58,319.0,0.25,0,0,0,0,0,1,2.67875,2,thap
8.0,32.0,64.0,4.2,6.44,899.0,0.125,0,0,0,0,0,1,9.24,0,can cao cap
8.0,32.0,64.0,4.2,6.44,949.0,0.25,0,0,0,0,0,1,9.24,0,can cao cap
8.0,50.0,50.0,4.6,6.78,599.0,0.125,0,0,0,0,0,1,5.934285714285714,0,can cao cap
8.0,50.0,50.0,4.6,6.78,649.0,0.25,0,0,0,0,0,1,5.934285714285714,0,can cao cap
8.0,50.0,50.0,4.6,6.78,699.0,0.125,0,0,0,0,0,1,5.934285714285714,0,can cao cap
8.0,50.0,50.0,4.6,6.78,749.0,0.25,0,0,0,0,0,1,5.934285714285714,0,can cao cap
8.0,32.0,64.0,4.83,6.56,599.0,0.125,0,0,0,0,0,1,5.49,0,can cao cap
8.0,32.0,64.0,4.83,6.56,649.0,0.25,0,0,0,0,0,1,5.49,0,can cao cap
12.0,32.0,50.0,4.87,6.78,1099.0,0.25,0,0,0,0,0,1,8.01909090909091,0,can cao cap
12.0,32.0,50.0,4.87,6.78,1199.0,0.5,0,0,0,0,0,1,8.01909090909091,0,can cao cap
8.0,16.0,64.0,4.5,6.44,399.0,0.125,0,0,0,0,0,1,4.37,2,thap
8.0,16.0,64.0,4.5,6.44,449.0,0.25,0,0,0,0,0,1,4.37,2,thap
8.0,16.0,64.0,4.5,6.44,299.0,0.125,0,0,0,0,0,1,2.67875,2,thap
8.0,16.0,64.0,4.5,6.44,349.0,0.25,0,0,0,0,0,1,2.67875,2,thap
8.0,50.0,64.0,4.2,6.44,499.0,0.125,0,0,0,0,0,1,5.24,0,can cao cap
8.0,50.0,64.0,4.2,6.44,549.0,0.25,0,0,0,0,0,1,5.24,0,can cao cap
12.0,32.0,50.0,4.7,6.78,899.0,0.25,0,0,0,0,0,1,6.444545454545455,0,can cao cap
12.0,32.0,50.0,4.7,6.78,999.0,0.5,0,0,0,0,0,1,6.444545454545455,0,can cao cap
4.0,8.0,13.0,5.0,6.51,199.0,0.125,0,0,0,0,0,1,1.915,2,thap
4.0,8.0,13.0,5.0,6.51,179.0,0.0625,0,0,0,0,0,1,1.915,2,thap
6.0,8.0,13.0,8.04,11.0,329.0,0.125,0,0,0,0,0,1,4.3,1,trung
8.0,8.0,50.0,8.04,11.0,399.0,0.25,0,0,0,0,0,1,4.334444444444444,1,trung
6.0,8.0,13.0,8.04,10.4,279.0,0.125,0,0,0,0,0,1,4.3,1,trung
6.0,8.0,13.0,8.04,11.0,349.0,0.125,0,0,0,0,0,1,3.24,1,trung
8.0,8.0,50.0,8.04,12.3,449.0,0.25,0,0,0,0,0,1,8.115,1,trung
8.0,8.0,50.0,8.04,12.9,499.0,0.25,0,0,0,0,0,1,6.444545454545455,1,trung
6.0,8.0,13.0,8.04,11.0,349.0,0.125,0,0,0,1,0,0,4.3,1,trung
8.0,8.0,50.0,8.04,12.3,399.0,0.25,0,0,0,1,0,0,8.115,1,trung
8.0,8.0,50.0,8.04,12.3,449.0,0.25,0,0,0,1,0,0,10.08375,1,trung
12.0,32.0,48.0,4.805,7.82,1399.0,0.5,0,0,1,0,0,0,10.506666666666668,0,can cao cap
12.0,32.0,50.0,4.3,6.8,999.0,0.25,0,0,1,0,0,0,8.01909090909091,0,can cao cap
12.0,32.0,50.0,5.0,6.8,1299.0,0.25,0,0,1,0,0,0,10.506666666666668,0,can cao cap
8.0,32.0,50.0,4.8,6.7,1099.0,0.25,0,0,1,0,0,0,10.506666666666668,0,can cao cap
8.0,32.0,50.0,5.8,6.67,499.0,0.25,0,0,1,0,0,0,4.99,0,can cao cap
8.0,32.0,50.0,5.8,6.67,499.0,0.25,0,0,1,0,0,0,4.99,0,can cao cap
12.0,50.0,50.0,5.8,6.83,799.0,0.5,0,0,1,0,0,0,7.49,0,can cao cap
12.0,50.0,50.0,5.6,6.59,699.0,0.25,0,0,1,0,0,0,7.49,0,can cao cap
8.0,32.0,50.0,5.0,6.7,449.0,0.25,0,0,1,0,0,0,4.49,0,can cao cap
8.0,32.0,50.0,5.0,6.7,449.0,0.25,0,0,1,0,0,0,4.49,0,can cao cap
12.0,32.0,50.0,4.6,6.74,749.0,0.5,0,0,1,0,0,0,5.934285714285714,0,can cao cap
8.0,32.0,50.0,5.0,6.7,599.0,0.25,0,0,1,0,0,0,5.49,0,can cao cap
8.0,32.0,64.0,5.0,6.7,499.0,0.25,0,0,1,0,0,0,5.49,0,can cao cap
12.0,32.0,50.0,4.6,6.74,699.0,0.5,0,0,1,0,0,0,5.934285714285714,0,can cao cap
8.0,16.0,50.0,6.0,6.7,599.0,0.25,0,0,1,0,0,0,6.49,0,can cao cap
12.0,16.0,50.0,6.0,6.7,699.0,0.5,0,0,1,0,0,0,6.49,0,can cao cap
8.0,8.0,50.0,5.1,6.67,499.0,0.25,0,0,1,0,0,0,4.99,0,can cao cap
4.0,5.0,50.0,5.0,6.7,399.0,0.125,0,0,1,0,0,0,4.418571428571428,2,thap
4.0,8.0,8.0,5.1,6.67,449.0,0.125,0,0,1,0,0,0,4.418571428571428,2,thap
6.0,8.0,8.0,5.1,6.67,499.0,0.25,0,0,1,0,0,0,4.418571428571428,2,thap
4.0,5.0,50.0,5.0,6.7,399.0,0.125,0,0,1,0,0,0,4.418571428571428,2,thap
4.0,8.0,8.0,5.1,6.67,449.0,0.125,0,0,1,0,0,0,4.418571428571428,2,thap
6.0,8.0,8.0,5.1,6.67,499.0,0.25,0,0,1,0,0,0,4.418571428571428,2,thap
4.0,5.0,50.0,5.0,6.7,399.0,0.125,0,0,1,0,0,0,4.418571428571428,2,thap
8.0,8.0,50.0,5.0,6.67,449.0,0.125,0,0,1,0,0,0,3.85,2,thap
8.0,8.0,50.0,5.0,6.67,499.0,0.25,0,0,1,0,0,0,3.85,2,thap
8.0,16.0,50.0,6.4,6.7,699.0,0.25,0,0,1,0,0,0,6.615,0,can cao cap
12.0,16.0,50.0,6.4,6.7,799.0,0.5,0,0,1,0,0,0,6.615,0,can cao cap
8.0,32.0,64.0,5.0,6.7,499.0,0.125,0,0,1,0,0,0,5.656666666666666,0,can cao cap
8.0,32.0,64.0,5.0,6.7,549.0,0.25,0,0,1,0,0,0,5.656666666666666,0,can cao cap
8.0,32.0,64.0,5.0,6.7,599.0,0.25,0,0,1,0,0,0,5.656666666666666,0,can cao cap
12.0,32.0,64.0,5.0,6.7,699.0,0.5,0,0,1,0,0,0,5.656666666666666,0,can cao cap
8.0,32.0,64.0,4.5,6.55,549.0,0.125,0,0,1,0,0,0,5.1525,0,can cao cap
8.0,32.0,64.0,4.5,6.55,599.0,0.25,0,0,1,0,0,0,5.1525,0,can cao cap
8.0,8.0,13.0,9.51,11.6,699.0,0.125,0,0,1,0,0,0,7.49,1,trung
12.0,8.0,13.0,9.51,11.6,799.0,0.25,0,0,1,0,0,0,7.49,1,trung
12.0,8.0,13.0,9.51,12.1,899.0,0.25,0,0,1,0,0,0,11.306666666666668,1,trung
16.0,8.0,13.0,9.51,12.1,999.0,0.5,0,0,1,0,0,0,11.306666666666668,1,trung
6.0,8.0,13.0,8.36,11.0,499.0,0.125,0,0,1,0,0,0,4.3,1,trung
8.0,8.0,13.0,8.36,11.0,599.0,0.25,0,0,1,0,0,0,4.3,1,trung
12.0,32.0,50.0,5.0,6.82,1199.0,0.25,0,0,1,0,0,0,11.306666666666668,0,can cao cap
16.0,32.0,50.0,5.0,6.82,1299.0,0.5,0,0,1,0,0,0,11.306666666666668,0,can cao cap
12.0,32.0,50.0,5.0,6.78,1099.0,0.25,0,0,1,0,0,0,11.49,0,can cao cap
16.0,32.0,50.0,5.0,6.78,1199.0,0.5,0,0,1,0,0,0,11.49,0,can cao cap
12.0,32.0,50.0,5.0,6.82,999.0,0.25,0,0,1,0,0,0,10.506666666666668,0,can cao cap
16.0,32.0,50.0,5.0,6.82,1099.0,0.5,0,0,1,0,0,0,10.506666666666668,0,can cao cap
12.0,32.0,50.0,4.8,6.74,899.0,0.25,0,0,1,0,0,0,9.49,0,can cao cap
16.0,32.0,50.0,4.8,6.74,999.0,0.5,0,0,1,0,0,0,9.49,0,can cao cap
12.0,32.0,50.0,5.0,6.7,899.0,0.25,0,0,1,0,0,0,10.08375,0,can cao cap
16.0,32.0,50.0,5.0,6.7,999.0,0.5,0,0,1,0,0,0,10.08375,0,can cao cap
8.0,32.0,50.0,4.8,6.55,799.0,0.25,0,0,1,0,0,0,8.115,0,can cao cap
8.0,32.0,50.0,4.3,6.8,899.0,0.25,0,0,1,0,0,0,9.49,0,can cao cap
12.0,32.0,50.0,4.3,6.8,999.0,0.5,0,0,1,0,0,0,9.49,0,can cao cap
12.0,32.0,50.0,4.52,7.1,1099.0,0.25,0,0,1,0,0,0,7.823333333333334,0,can cao cap
8.0,32.0,64.0,5.0,6.7,499.0,0.125,0,0,1,0,0,0,5.656666666666666,0,can cao cap
8.0,32.0,64.0,5.0,6.7,549.0,0.25,0,0,1,0,0,0,5.656666666666666,0,can cao cap
12.0,32.0,50.0,4.6,6.7,599.0,0.25,0,0,1,0,0,0,5.1525,0,can cao cap
16.0,32.0,50.0,4.7,6.74,699.0,0.25,0,0,1,0,0,0,7.823333333333334,0,can cao cap
8.0,32.0,64.0,4.5,6.7,449.0,0.125,0,0,1,0,0,0,5.1525,0,can cao cap
12.0,32.0,64.0,4.5,6.7,499.0,0.25,0,0,1,0,0,0,5.1525,0,can cao cap
16.0,32.0,50.0,4.5,6.7,599.0,0.25,0,0,1,0,0,0,5.823333333333334,0,can cao cap
16.0,32.0,50.0,4.7,6.7,649.0,0.25,0,0,1,0,0,0,7.823333333333334,0,can cao cap
8.0,32.0,50.0,4.5,6.4,399.0,0.125,0,0,1,0,0,0,4.24,0,can cao cap
12.0,32.0,50.0,4.5,6.4,449.0,0.25,0,0,1,0,0,0,4.24,0,can cao cap
12.0,32.0,50.0,4.5,6.7,549.0,0.25,0,0,1,0,0,0,5.823333333333334,0,can cao cap
12.0,32.0,50.0,4.5,6.7,599.0,0.25,0,0,1,0,0,0,5.823333333333334,0,can cao cap
8.0,32.0,64.0,4.5,6.4,349.0,0.125,0,0,1,0,0,0,3.59,0,can cao cap
12.0,32.0,64.0,4.5,6.4,399.0,0.25,0,0,1,0,0,0,3.59,0,can cao cap
12.0,32.0,50.0,4.5,6.55,499.0,0.25,0,0,1,0,0,0,4.615,0,can cao cap
8.0,32.0,64.0,4.3,6.43,349.0,0.125,0,0,1,0,0,0,3.59,0,can cao cap
12.0,32.0,64.0,4.3,6.43,399.0,0.25,0,0,1,0,0,0,3.59,0,can cao cap
8.0,32.0,64.0,4.5,6.55,449.0,0.125,0,0,1,0,0,0,4.615,0,can cao cap
12.0,32.0,64.0,4.5,6.55,499.0,0.25,0,0,1,0,0,0,4.615,0,can cao cap
12.0,32.0,50.0,4.5,6.55,599.0,0.25,0,0,1,0,0,0,4.3,0,can cao cap
8.0,32.0,64.0,4.3,6.43,299.0,0.125,0,0,1,0,0,0,4.171818181818182,0,can cao cap
12.0,32.0,64.0,4.3,6.43,349.0,0.25,0,0,1,0,0,0,4.171818181818182,0,can cao cap
8.0,32.0,64.0,4.35,6.55,399.0,0.125,0,0,1,0,0,0,4.24,0,can cao cap
12.0,32.0,64.0,4.35,6.55,449.0,0.25,0,0,1,0,0,0,4.24,0,can cao cap
12.0,32.0,50.0,4.5,6.55,599.0,0.25,0,0,1,0,0,0,6.934444444444445,0,can cao cap
8.0,32.0,48.0,4.0,6.43,299.0,0.125,0,0,1,0,0,0,4.171818181818182,0,can cao cap
8.0,32.0,48.0,4.0,6.43,349.0,0.25,0,0,1,0,0,0,4.171818181818182,0,can cao cap
12.0,32.0,48.0,4.0,6.55,499.0,0.25,0,0,1,0,0,0,4.171818181818182,0,can cao cap
8.0,32.0,64.0,4.025,6.4,249.0,0.125,0,0,1,0,0,0,2.74,0,can cao cap
12.0,32.0,64.0,4.025,6.4,299.0,0.25,0,0,1,0,0,0,2.74,0,can cao cap
12.0,32.0,48.0,4.025,6.5,499.0,0.25,0,0,1,0,0,0,4.171818181818182,0,can cao cap
6.0,8.0,13.0,5.0,6.56,199.0,0.125,0,0,1,0,0,0,2.29,2,thap
8.0,8.0,13.0,5.0,6.56,229.0,0.25,0,0,1,0,0,0,2.29,2,thap
8.0,8.0,50.0,5.0,6.56,249.0,0.25,0,0,1,0,0,0,2.297333333333333,2,thap
6.0,8.0,13.0,5.0,6.56,219.0,0.125,0,0,1,0,0,0,3.192272727272728,2,thap
6.0,8.0,13.0,5.0,6.5,199.0,0.125,0,0,1,0,0,0,2.297333333333333,2,thap
6.0,8.0,13.0,5.0,6.5,189.0,0.125,0,0,1,0,0,0,2.297333333333333,2,thap
6.0,16.0,48.0,5.0,6.5,219.0,0.125,0,0,1,0,0,0,2.19,2,thap
4.0,8.0,16.0,4.04,6.5,179.0,0.125,0,0,1,0,0,0,1.865,2,thap
4.0,8.0,12.0,4.0,6.5,169.0,0.125,0,0,1,0,0,0,1.865,2,thap
4.0,8.0,13.0,4.0,6.5,149.0,0.125,0,0,1,0,0,0,2.297333333333333,2,thap
4.0,8.0,13.0,4.0,6.5,139.0,0.125,0,0,1,0,0,0,2.297333333333333,2,thap
4.0,8.0,13.0,4.0,6.5,129.0,0.125,0,0,1,0,0,0,2.297333333333333,2,thap
4.0,5.0,50.0,5.1,6.67,199.0,0.125,0,0,1,0,0,0,2.14,2,thap
6.0,5.0,50.0,5.1,6.67,229.0,0.25,0,0,1,0,0,0,2.14,2,thap
8.0,16.0,108.0,5.0,6.72,199.0,0.125,0,0,1,0,0,0,2.67875,2,thap
12.0,16.0,108.0,5.0,6.72,229.0,0.25,0,0,1,0,0,0,2.67875,0,can cao cap
6.0,16.0,64.0,5.0,6.59,199.0,0.125,0,0,1,0,0,0,2.67875,2,thap
8.0,16.0,64.0,5.0,6.59,229.0,0.25,0,0,1,0,0,0,2.67875,2,thap
8.0,16.0,64.0,5.0,6.59,249.0,0.125,0,0,1,0,0,0,2.59,2,thap
6.0,16.0,64.0,5.0,6.5,199.0,0.125,0,0,1,0,0,0,3.192272727272728,2,thap
8.0,16.0,64.0,5.0,6.5,229.0,0.25,0,0,1,0,0,0,3.192272727272728,2,thap
8.0,16.0,64.0,4.5,6.43,299.0,0.125,0,0,1,0,0,0,4.334444444444444,2,thap
12.0,16.0,64.0,4.5,6.43,329.0,0.25,0,0,1,0,0,0,4.334444444444444,0,can cao cap
8.0,32.0,64.0,4.3,6.43,279.0,0.125,0,0,1,0,0,0,2.89,0,can cao cap
8.0,32.0,64.0,4.3,6.43,299.0,0.25,0,0,1,0,0,0,2.89,0,can cao cap
6.0,16.0,48.0,5.0,6.5,199.0,0.125,0,0,1,0,0,0,1.865,2,thap
8.0,32.0,48.0,4.025,6.4,279.0,0.125,0,0,1,0,0,0,3.81,0,can cao cap
8.0,32.0,48.0,4.025,6.4,299.0,0.25,0,0,1,0,0,0,3.81,0,can cao cap
8.0,16.0,108.0,5.0,6.72,199.0,0.125,0,0,1,0,0,0,2.67875,2,thap
12.0,16.0,108.0,5.0,6.72,229.0,0.25,0,0,1,0,0,0,2.67875,0,can cao cap
8.0,16.0,64.0,5.0,6.7,259.0,0.125,0,0,1,0,0,0,3.69,2,thap
12.0,16.0,64.0,5.0,6.7,299.0,0.25,0,0,1,0,0,0,3.69,0,can cao cap
6.0,16.0,64.0,5.0,6.59,199.0,0.125,0,0,1,0,0,0,2.67875,2,thap
8.0,16.0,64.0,5.0,6.59,229.0,0.25,0,0,1,0,0,0,2.67875,2,thap
8.0,16.0,64.0,5.0,6.59,249.0,0.125,0,0,1,0,0,0,2.59,2,thap
12.0,16.0,64.0,5.0,6.59,279.0,0.25,0,0,1,0,0,0,2.59,0,can cao cap
6.0,16.0,64.0,5.0,6.5,199.0,0.125,0,0,1,0,0,0,3.192272727272728,2,thap
8.0,16.0,64.0,5.0,6.5,229.0,0.25,0,0,1,0,0,0,3.192272727272728,2,thap
8.0,16.0,64.0,4.5,6.43,299.0,0.125,0,0,1,0,0,0,4.334444444444444,2,thap
12.0,16.0,64.0,4.5,6.43,329.0,0.25,0,0,1,0,0,0,4.334444444444444,0,can cao cap
8.0,32.0,64.0,4.3,6.43,279.0,0.125,0,0,1,0,0,0,2.89,0,can cao cap
8.0,32.0,64.0,4.3,6.43,299.0,0.25,0,0,1,0,0,0,2.89,0,can cao cap
6.0,16.0,48.0,5.0,6.5,199.0,0.125,0,0,1,0,0,0,1.865,2,thap
8.0,32.0,48.0,4.025,6.4,279.0,0.125,0,0,1,0,0,0,3.81,0,can cao cap
12.0,16.0,50.0,6.5,6.78,470.0,0.125,0,0,0,1,0,0,4.85,2,thap
16.0,16.0,50.0,6.5,6.78,500.0,0.25,0,0,0,1,0,0,4.85,0,can cao cap
8.0,32.0,50.0,5.5,6.78,380.0,0.125,0,0,0,1,0,0,4.0,2,thap
12.0,32.0,50.0,5.5,6.78,400.0,0.25,0,0,0,1,0,0,4.0,0,can cao cap
16.0,32.0,50.0,5.5,6.78,420.0,0.5,0,0,0,1,0,0,4.0,0,can cao cap
8.0,32.0,50.0,5.5,6.78,360.0,0.125,0,0,0,1,0,0,3.7,2,thap
8.0,32.0,50.0,5.5,6.78,380.0,0.25,0,0,0,1,0,0,3.7,2,thap
12.0,16.0,50.0,6.0,6.83,340.0,0.25,0,0,0,1,0,0,3.5,2,thap
12.0,16.0,50.0,6.0,6.83,360.0,0.5,0,0,0,1,0,0,3.5,0,can cao cap
8.0,16.0,50.0,5.8,6.7,320.0,0.125,0,0,0,1,0,0,3.3,2,thap
8.0,16.0,50.0,5.8,6.7,340.0,0.25,0,0,0,1,0,0,3.3,2,thap
6.0,16.0,48.0,5.5,6.6,270.0,0.125,0,0,0,1,0,0,3.463333333333333,2,thap
8.0,16.0,48.0,5.5,6.6,290.0,0.25,0,0,0,1,0,0,3.463333333333333,2,thap
8.0,16.0,50.0,5.0,6.5,250.0,0.125,0,0,0,1,0,0,3.0380000000000003,2,thap
8.0,16.0,50.0,5.0,6.5,270.0,0.25,0,0,0,1,0,0,3.0380000000000003,2,thap
6.0,16.0,50.0,5.0,6.6,220.0,0.125,0,0,0,1,0,0,2.08375,2,thap
8.0,16.0,50.0,5.0,6.6,240.0,0.25,0,0,0,1,0,0,2.08375,2,thap
8.0,16.0,50.0,5.2,6.7,300.0,0.125,0,0,0,1,0,0,3.463333333333333,2,thap
12.0,16.0,50.0,5.2,6.7,320.0,0.25,0,0,0,1,0,0,3.463333333333333,2,thap
12.0,32.0,50.0,5.5,6.78,360.0,0.25,0,0,0,1,0,0,3.7,0,can cao cap
16.0,32.0,50.0,5.5,6.78,380.0,0.5,0,0,0,1,0,0,3.7,0,can cao cap
8.0,16.0,64.0,5.1,6.7,250.0,0.125,0,0,0,1,0,0,4.364,2,thap
12.0,16.0,64.0,5.1,6.7,270.0,0.25,0,0,0,1,0,0,4.364,2,thap
12.0,32.0,50.0,5.5,6.78,340.0,0.25,0,0,0,1,0,0,3.5,0,can cao cap
16.0,32.0,50.0,5.5,6.78,360.0,0.5,0,0,0,1,0,0,3.5,0,can cao cap
6.0,16.0,50.0,5.0,6.6,200.0,0.125,0,0,0,1,0,0,2.08375,2,thap
8.0,16.0,50.0,5.0,6.6,220.0,0.25,0,0,0,1,0,0,2.08375,2,thap
8.0,16.0,64.0,5.2,6.7,270.0,0.125,0,0,0,1,0,0,2.8,2,thap
12.0,16.0,64.0,5.2,6.7,290.0,0.25,0,0,0,1,0,0,2.8,2,thap
8.0,16.0,50.0,5.0,6.6,240.0,0.125,0,0,0,1,0,0,3.192272727272728,2,thap
8.0,16.0,50.0,5.0,6.6,260.0,0.25,0,0,0,1,0,0,3.192272727272728,2,thap
6.0,16.0,50.0,5.0,6.5,180.0,0.125,0,0,0,1,0,0,2.853809523809524,2,thap
6.0,16.0,50.0,5.0,6.5,160.0,0.125,0,0,0,1,0,0,1.9218181818181816,2,thap
8.0,16.0,50.0,5.0,6.6,210.0,0.125,0,0,0,1,0,0,2.297333333333333,2,thap
8.0,16.0,50.0,5.2,6.6,230.0,0.125,0,0,0,1,0,0,3.192272727272728,2,thap
6.0,8.0,50.0,5.0,6.6,160.0,0.125,0,0,0,1,0,0,1.82,2,thap
8.0,8.0,50.0,5.0,6.6,180.0,0.25,0,0,0,1,0,0,1.82,2,thap
4.0,8.0,50.0,5.0,6.5,130.0,0.125,0,0,0,1,0,0,1.3,2,thap
6.0,8.0,50.0,5.0,6.6,170.0,0.125,0,0,0,1,0,0,1.9218181818181816,2,thap
8.0,8.0,50.0,5.0,6.6,190.0,0.25,0,0,0,1,0,0,1.9218181818181816,2,thap
6.0,8.0,50.0,5.0,6.6,160.0,0.125,0,0,0,1,0,0,2.334,2,thap
8.0,8.0,50.0,5.0,6.6,180.0,0.25,0,0,0,1,0,0,2.334,2,thap
6.0,8.0,50.0,5.0,6.6,150.0,0.125,0,0,0,1,0,0,1.82,2,thap
6.0,8.0,64.0,5.0,6.72,170.0,0.125,0,0,0,1,0,0,1.9218181818181816,2,thap
8.0,8.0,64.0,5.0,6.72,190.0,0.25,0,0,0,1,0,0,1.9218181818181816,2,thap
6.0,16.0,50.0,5.2,6.6,210.0,0.125,0,0,0,1,0,0,2.08375,2,thap
6.0,16.0,50.0,5.2,6.6,220.0,0.125,0,0,0,1,0,0,3.192272727272728,2,thap
8.0,16.0,50.0,5.2,6.6,240.0,0.25,0,0,0,1,0,0,3.192272727272728,2,thap
6.0,16.0,50.0,5.0,6.5,170.0,0.125,0,0,0,1,0,0,2.853809523809524,2,thap
8.0,16.0,50.0,5.2,6.8,440.0,0.125,0,0,0,1,0,0,11.5425,0,can cao cap
12.0,16.0,50.0,5.2,6.8,500.0,0.25,0,0,0,1,0,0,11.5425,0,can cao cap
8.0,16.0,64.0,5.0,6.7,330.0,0.125,0,0,0,1,0,0,5.934285714285714,2,thap
12.0,16.0,64.0,5.0,6.7,380.0,0.25,0,0,0,1,0,0,5.934285714285714,0,can cao cap
8.0,16.0,50.0,5.1,6.7,350.0,0.125,0,0,0,1,0,0,8.01909090909091,2,thap
12.0,16.0,50.0,5.1,6.7,400.0,0.25,0,0,0,1,0,0,8.01909090909091,0,can cao cap
4.0,8.0,8.0,7.1,10.4,200.0,0.0625,0,0,0,1,0,0,2.15,1,trung
6.0,8.0,8.0,7.1,10.4,230.0,0.125,0,0,0,1,0,0,2.15,1,trung
6.0,8.0,8.0,8.36,11.5,280.0,0.125,0,0,0,1,0,0,2.853809523809524,1,trung
8.0,8.0,8.0,8.36,11.5,320.0,0.25,0,0,0,1,0,0,2.853809523809524,1,trung
4.0,8.0,8.0,7.1,10.4,190.0,0.0625,0,0,0,1,0,0,1.82,1,trung
6.0,8.0,8.0,7.1,10.4,210.0,0.125,0,0,0,1,0,0,1.82,1,trung
4.0,8.0,13.0,8.34,11.0,310.0,0.0625,0,0,0,1,0,0,2.67875,1,trung
6.0,8.0,13.0,8.34,11.0,350.0,0.125,0,0,0,1,0,0,2.67875,1,trung
3.0,5.0,8.0,6.4,8.7,160.0,0.03125,0,0,0,1,0,0,1.7966666666666666,2,thap
4.0,5.0,8.0,6.4,8.7,180.0,0.0625,0,0,0,1,0,0,1.7966666666666666,2,thap
4.0,8.0,8.0,7.1,10.4,200.0,0.0625,0,0,0,1,0,0,2.15,1,trung
6.0,8.0,8.0,7.1,10.4,220.0,0.125,0,0,0,1,0,0,2.15,1,trung
4.0,8.0,8.0,7.2,10.5,210.0,0.0625,0,0,0,1,0,0,1.82,1,trung
6.0,8.0,8.0,7.2,10.5,230.0,0.125,0,0,0,1,0,0,1.82,1,trung
12.0,32.0,50.0,6.1,6.73,799.0,0.25,0,0,0,1,0,0,8.39,0,can cao cap
16.0,32.0,50.0,6.1,6.73,899.0,0.5,0,0,0,1,0,0,8.39,0,can cao cap
16.0,32.0,50.0,6.1,6.73,999.0,1.0,0,0,0,1,0,0,8.39,0,can cao cap
12.0,32.0,50.0,5.4,6.36,699.0,0.25,0,0,0,1,0,0,8.39,0,can cao cap
16.0,32.0,50.0,5.4,6.36,799.0,0.5,0,0,0,1,0,0,8.39,0,can cao cap
12.0,32.0,50.0,5.0,6.67,634.99,0.25,0,0,0,1,0,0,7.749200000000001,0,can cao cap
12.0,32.0,50.0,5.0,6.67,790.77,0.5,0,0,0,1,0,0,7.749200000000001,0,can cao cap
12.0,32.0,50.0,5.0,6.67,899.0,1.0,0,0,0,1,0,0,7.749200000000001,0,can cao cap
12.0,32.0,50.0,5.0,6.67,599.0,0.25,0,0,0,1,0,0,6.49,0,can cao cap
12.0,32.0,50.0,5.0,6.67,699.0,0.5,0,0,0,1,0,0,6.49,0,can cao cap
12.0,32.0,50.0,5.0,6.73,799.0,0.25,0,0,0,1,0,0,11.306666666666668,0,can cao cap
12.0,32.0,50.0,5.0,6.73,899.0,0.5,0,0,0,1,0,0,11.306666666666668,0,can cao cap
12.0,32.0,50.0,4.61,6.36,699.0,0.25,0,0,0,1,0,0,11.306666666666668,0,can cao cap
12.0,32.0,50.0,4.61,6.36,799.0,0.5,0,0,0,1,0,0,11.306666666666668,0,can cao cap
8.0,16.0,200.0,5.11,6.67,374.9,0.125,0,0,0,1,0,0,4.009666666666667,0,can cao cap
12.0,16.0,200.0,5.11,6.67,399.0,0.25,0,0,0,1,0,0,4.009666666666667,0,can cao cap
16.0,16.0,200.0,5.11,6.67,429.0,0.5,0,0,0,1,0,0,4.009666666666667,0,can cao cap
8.0,16.0,108.0,5.5,6.67,349.0,0.125,0,0,0,1,0,0,3.64,2,thap
12.0,16.0,108.0,5.5,6.67,379.0,0.25,0,0,0,1,0,0,3.64,0,can cao cap
6.0,16.0,108.0,5.0,6.67,299.0,0.125,0,0,0,1,0,0,3.14,2,thap
8.0,16.0,108.0,5.0,6.67,329.0,0.25,0,0,0,1,0,0,3.14,2,thap
6.0,16.0,50.0,5.0,6.67,279.0,0.125,0,0,0,1,0,0,2.94,2,thap
8.0,16.0,50.0,5.0,6.67,309.0,0.25,0,0,0,1,0,0,2.94,2,thap
4.0,16.0,50.0,5.0,6.67,249.0,0.125,0,0,0,1,0,0,2.334,2,thap
6.0,16.0,50.0,5.0,6.67,279.0,0.25,0,0,0,1,0,0,2.334,2,thap
4.0,8.0,50.0,5.0,6.5,199.0,0.0625,0,0,0,1,0,0,2.297333333333333,2,thap
6.0,8.0,50.0,5.0,6.5,229.0,0.125,0,0,0,1,0,0,2.297333333333333,2,thap
8.0,16.0,50.0,5.1,6.67,499.0,0.125,0,0,0,1,0,0,7.823333333333334,2,thap
12.0,16.0,50.0,5.1,6.67,549.0,0.25,0,0,0,1,0,0,7.823333333333334,0,can cao cap
16.0,16.0,50.0,5.1,6.67,599.0,0.5,0,0,0,1,0,0,7.823333333333334,0,can cao cap
4.0,8.0,48.0,5.0,6.5,199.0,0.0625,0,0,0,1,0,0,2.14,2,thap
6.0,8.0,48.0,5.0,6.5,229.0,0.125,0,0,0,1,0,0,2.14,2,thap
6.0,16.0,64.0,5.0,6.8,249.0,0.125,0,0,0,1,0,0,2.315,2,thap
2.0,5.0,13.0,5.0,6.52,149.0,0.03125,0,0,0,1,0,0,1.2525,2,thap
4.0,8.0,48.0,5.0,6.5,199.0,0.0625,0,0,0,1,0,0,1.99,2,thap
4.0,16.0,13.0,4.05,6.22,179.0,0.0625,0,0,0,1,0,0,1.79,2,thap
3.0,5.0,13.0,4.0,6.09,149.0,0.03125,0,0,0,1,0,0,1.49,2,thap
4.0,16.0,16.0,4.05,6.3,219.0,0.0625,0,0,0,1,0,0,2.54,2,thap
6.0,16.0,16.0,4.05,6.3,249.0,0.125,0,0,0,1,0,0,2.54,2,thap
6.0,32.0,48.0,4.0,6.39,429.0,0.125,0,0,0,1,0,0,7.004285714285714,2,thap
8.0,32.0,48.0,4.0,6.39,479.0,0.25,0,0,0,1,0,0,7.004285714285714,0,can cao cap
6.0,16.0,16.0,3.35,6.39,299.0,0.0625,0,0,0,1,0,0,2.54,2,thap
8.0,32.0,50.0,5.0,6.7,499.0,0.125,0,0,0,1,0,0,6.865,0,can cao cap
12.0,32.0,50.0,5.0,6.7,549.0,0.25,0,0,0,1,0,0,6.865,0,can cao cap
8.0,50.0,50.0,4.5,6.7,549.0,0.125,0,0,0,1,0,0,6.615,0,can cao cap
12.0,50.0,50.0,4.5,6.7,599.0,0.25,0,0,0,1,0,0,6.615,0,can cao cap
8.0,32.0,50.0,3.5,6.67,999.0,0.125,0,0,0,1,0,0,7.823333333333334,0,can cao cap
12.0,32.0,50.0,3.5,6.67,1099.0,0.25,0,0,0,1,0,0,7.823333333333334,0,can cao cap
8.0,16.0,50.0,5.0,6.5,299.0,0.125,0,0,0,1,0,0,3.7,2,thap
12.0,16.0,50.0,5.0,6.5,349.0,0.25,0,0,0,1,0,0,3.7,2,thap
4.0,16.0,50.0,5.0,6.8,199.0,0.0625,0,0,0,1,0,0,1.9218181818181816,2,thap
6.0,16.0,50.0,5.0,6.8,249.0,0.125,0,0,0,1,0,0,1.9218181818181816,2,thap
6.0,25.0,48.0,3.5,6.3,299.0,0.125,0,0,0,1,0,0,3.24,2,thap
8.0,25.0,48.0,3.5,6.3,349.0,0.25,0,0,0,1,0,0,3.24,2,thap
6.0,32.0,64.0,5.0,6.7,399.0,0.125,0,0,0,1,0,0,3.7,2,thap
8.0,32.0,64.0,5.0,6.7,449.0,0.25,0,0,0,1,0,0,3.7,2,thap
4.0,8.0,48.0,5.0,6.5,199.0,0.0625,0,0,0,1,0,0,2.14,2,thap
6.0,8.0,48.0,5.0,6.5,229.0,0.125,0,0,0,1,0,0,2.14,2,thap
4.0,16.0,50.0,5.0,6.6,249.0,0.0625,0,0,0,1,0,0,2.315,2,thap
6.0,16.0,50.0,5.0,6.6,279.0,0.125,0,0,0,1,0,0,2.315,2,thap
3.0,5.0,13.0,5.0,6.5,149.0,0.03125,0,0,0,1,0,0,1.515,2,thap
4.0,5.0,13.0,5.0,6.5,179.0,0.0625,0,0,0,1,0,0,1.515,2,thap
8.0,16.0,50.0,5.0,6.78,320.0,0.125,0,0,0,1,0,0,3.45,2,thap
8.0,16.0,50.0,5.0,6.78,370.0,0.25,0,0,0,1,0,0,3.45,2,thap
8.0,32.0,64.0,4.5,6.7,300.0,0.125,0,0,0,1,0,0,4.364,2,thap
12.0,32.0,64.0,4.5,6.7,350.0,0.25,0,0,0,1,0,0,4.364,0,can cao cap
8.0,32.0,50.0,4.31,6.4,400.0,0.25,0,0,0,1,0,0,4.25,2,thap
12.0,32.0,50.0,4.31,6.4,450.0,0.5,0,0,0,1,0,0,4.25,0,can cao cap
8.0,16.0,50.0,5.0,6.49,270.0,0.125,0,0,0,1,0,0,2.73,2,thap
8.0,16.0,50.0,5.0,6.49,320.0,0.25,0,0,0,1,0,0,2.73,2,thap
4.0,16.0,50.0,5.0,6.72,200.0,0.125,0,0,0,1,0,0,2.25,2,thap
8.0,16.0,50.0,5.0,6.72,250.0,0.25,0,0,0,1,0,0,2.25,2,thap
6.0,16.0,50.0,5.0,6.5,250.0,0.125,0,0,0,1,0,0,3.1,2,thap
8.0,16.0,50.0,5.0,6.5,300.0,0.25,0,0,0,1,0,0,3.1,2,thap
8.0,32.0,50.0,4.7,6.7,450.0,0.25,0,0,0,1,0,0,4.133333333333333,2,thap
12.0,32.0,50.0,4.7,6.7,500.0,0.5,0,0,0,1,0,0,4.133333333333333,0,can cao cap
12.0,32.0,50.0,4.0,6.67,1199.0,0.5,0,0,0,1,0,0,7.823333333333334,0,can cao cap
8.0,32.0,50.0,3.8,6.67,999.0,0.25,0,0,0,1,0,0,6.865,0,can cao cap
8.0,32.0,50.0,5.0,6.67,320.0,0.125,0,0,0,1,0,0,3.1,2,thap
12.0,32.0,50.0,5.0,6.67,370.0,0.25,0,0,0,1,0,0,3.1,0,can cao cap
8.0,32.0,50.0,4.3,6.5,300.0,0.25,0,0,0,1,0,0,3.0380000000000003,2,thap
12.0,32.0,50.0,4.3,6.5,350.0,0.5,0,0,0,1,0,0,3.0380000000000003,0,can cao cap
4.0,8.0,13.0,5.0,6.5,150.0,0.0625,0,0,0,1,0,0,1.7366666666666666,2,thap
4.0,8.0,13.0,5.0,6.5,180.0,0.125,0,0,0,1,0,0,1.7366666666666666,2,thap
8.0,32.0,50.0,4.7,6.7,450.0,0.25,0,0,0,1,0,0,4.133333333333333,2,thap
12.0,32.0,50.0,4.7,6.7,500.0,0.5,0,0,0,1,0,0,4.133333333333333,0,can cao cap
12.0,60.0,200.0,5.0,6.9,1499.0,0.5,0,0,0,1,0,0,11.306666666666668,0,can cao cap
6.0,16.0,50.0,5.0,6.8,300.0,0.25,0,0,0,1,0,0,3.25,2,thap
8.0,16.0,50.0,5.0,6.8,350.0,0.5,0,0,0,1,0,0,3.25,2,thap
12.0,60.0,200.0,5.0,6.9,1499.0,0.5,0,0,0,1,0,0,11.306666666666668,0,can cao cap
8.0,32.0,50.0,4.4,6.55,699.0,0.125,0,0,0,1,0,0,7.24,0,can cao cap
12.0,32.0,50.0,4.4,6.55,749.0,0.25,0,0,0,1,0,0,7.24,0,can cao cap
6.0,32.0,64.0,4.02,6.28,499.0,0.125,0,0,0,1,0,0,4.74,2,thap
8.0,32.0,64.0,4.02,6.28,549.0,0.25,0,0,0,1,0,0,4.74,0,can cao cap
6.0,16.0,50.0,5.0,6.6,399.0,0.125,0,0,0,1,0,0,4.74,2,thap
8.0,16.0,50.0,5.0,6.6,449.0,0.25,0,0,0,1,0,0,4.74,2,thap
4.0,16.0,50.0,5.0,6.5,349.0,0.125,0,0,0,1,0,0,3.74,2,thap
6.0,16.0,50.0,5.0,6.5,399.0,0.25,0,0,0,1,0,0,3.74,2,thap
4.0,16.0,50.0,5.0,6.4,299.0,0.125,0,0,0,1,0,0,3.85,2,thap
4.0,16.0,50.0,5.0,6.5,279.0,0.125,0,0,0,1,0,0,3.85,2,thap
3.0,8.0,16.0,5.0,6.5,199.0,0.0625,0,0,0,1,0,0,1.89,2,thap
2.0,5.0,16.0,4.02,6.5,179.0,0.03125,0,0,0,1,0,0,1.89,2,thap
4.0,5.0,16.0,4.02,6.5,199.0,0.0625,0,0,0,1,0,0,1.89,2,thap
4.0,16.0,50.0,5.0,6.5,249.0,0.0625,0,0,0,1,0,0,1.89,2,thap
8.0,13.0,50.0,4.1,6.5,699.0,0.125,0,0,0,1,0,0,9.656666666666666,0,can cao cap
8.0,13.0,50.0,4.36,6.6,899.0,0.125,0,0,0,1,0,0,9.656666666666666,0,can cao cap
8.0,10.7,40.0,4.0,6.67,1299.0,0.125,0,0,0,1,0,0,9.656666666666666,0,can cao cap
8.0,13.0,64.0,4.2,6.5,799.0,0.125,0,0,0,1,0,0,7.99,0,can cao cap
8.0,32.0,50.0,4.3,6.57,499.0,0.125,0,0,0,1,0,0,5.8025,2,thap
8.0,32.0,50.0,4.0,6.72,599.0,0.125,0,0,0,1,0,0,5.8025,0,can cao cap
8.0,13.0,50.0,4.1,6.5,649.0,0.125,0,0,0,1,0,0,5.8025,2,thap
8.0,13.0,50.0,4.46,6.7,999.0,0.125,0,0,0,1,0,0,11.19,0,can cao cap
8.0,13.0,50.0,4.7,6.74,1199.0,0.125,0,0,0,1,0,0,11.19,0,can cao cap
8.0,60.0,50.0,4.0,6.67,499.0,0.125,0,0,0,1,0,0,5.8025,0,can cao cap
8.0,60.0,50.0,4.5,6.78,599.0,0.125,0,0,0,1,0,0,5.8025,0,can cao cap
8.0,16.0,108.0,4.5,6.67,399.0,0.125,0,0,0,1,0,0,3.85,2,thap
8.0,13.0,48.0,4.815,6.67,999.0,0.125,0,0,0,1,0,0,11.19,0,can cao cap
8.0,13.0,48.0,4.815,6.67,1099.0,0.125,0,0,0,1,0,0,11.19,0,can cao cap
8.0,13.0,48.0,5.1,6.73,1299.0,0.125,0,0,0,1,0,0,11.19,0,can cao cap
12.0,13.0,50.0,4.75,6.7,1099.0,0.125,0,0,0,1,0,0,8.524545454545455,0,can cao cap
12.0,13.0,50.0,5.0,6.82,1299.0,0.125,0,0,0,1,0,0,8.524545454545455,0,can cao cap
12.0,13.0,50.0,5.2,6.82,1499.0,0.125,0,0,0,1,0,0,8.524545454545455,0,can cao cap
8.0,60.0,50.0,4.5,6.7,499.0,0.125,0,0,0,1,0,0,5.8025,0,can cao cap
8.0,60.0,50.0,4.5,6.78,599.0,0.125,0,0,0,1,0,0,5.8025,0,can cao cap
12.0,60.0,50.0,4.5,6.78,699.0,0.125,0,0,0,1,0,0,5.8025,0,can cao cap
12.0,13.0,50.0,4.9,6.8,999.0,0.125,0,0,0,1,0,0,10.847142857142858,0,can cao cap
12.0,13.0,50.0,5.05,6.8,1099.0,0.125,0,0,0,1,0,0,10.847142857142858,0,can cao cap
12.0,13.0,50.0,5.05,6.8,1199.0,0.125,0,0,0,1,0,0,10.847142857142858,0,can cao cap
16.0,13.0,50.0,5.2,6.8,1299.0,0.125,0,0,0,1,0,0,10.847142857142858,0,can cao cap
12.0,13.0,50.0,4.9,6.7,899.0,0.125,0,0,0,1,0,0,10.847142857142858,0,can cao cap
12.0,13.0,50.0,5.0,6.8,999.0,0.125,0,0,0,1,0,0,10.847142857142858,0,can cao cap
12.0,13.0,50.0,5.0,6.8,1099.0,0.125,0,0,0,1,0,0,10.847142857142858,0,can cao cap
8.0,60.0,50.0,4.5,6.7,499.0,0.125,0,0,0,1,0,0,8.524545454545455,0,can cao cap
8.0,60.0,50.0,4.5,6.78,599.0,0.125,0,0,0,1,0,0,8.524545454545455,0,can cao cap
8.0,50.0,50.0,4.6,6.7,529.0,0.25,0,0,0,1,0,0,8.524545454545455,0,can cao cap
8.0,50.0,50.0,4.6,6.7,599.0,0.5,0,0,0,1,0,0,8.524545454545455,0,can cao cap
8.0,60.0,50.0,4.6,6.78,649.0,0.25,0,0,0,1,0,0,8.524545454545455,0,can cao cap
8.0,60.0,50.0,4.6,6.78,729.0,0.5,0,0,0,1,0,0,8.524545454545455,0,can cao cap
4.0,8.0,50.0,5.0,6.56,229.0,0.125,0,0,0,1,0,0,2.29,2,thap
4.0,8.0,48.0,5.05,6.52,169.0,0.0625,0,0,0,1,0,0,1.79,2,thap
4.0,8.0,48.0,5.05,6.52,189.0,0.125,0,0,0,1,0,0,1.79,2,thap
3.0,8.0,50.0,5.0,6.52,139.0,0.0625,0,0,0,1,0,0,1.2525,2,thap
4.0,8.0,50.0,5.0,6.52,159.0,0.125,0,0,0,1,0,0,1.2525,2,thap
4.0,8.0,50.0,5.05,6.5,169.0,0.0625,0,0,0,1,0,0,1.7366666666666666,2,thap
6.0,8.0,50.0,5.05,6.5,189.0,0.125,0,0,0,1,0,0,1.7366666666666666,2,thap
2.0,8.0,13.0,5.0,6.5,119.0,0.0625,0,0,0,1,0,0,1.2525,2,thap
3.0,8.0,13.0,5.0,6.5,139.0,0.125,0,0,0,1,0,0,1.2525,2,thap
6.0,16.0,48.0,5.0,6.58,239.0,0.125,0,0,0,1,0,0,2.19,2,thap
12.0,12.0,12.0,5.0,6.5,1599.0,0.25,0,0,0,1,0,0,10.08375,0,can cao cap
8.0,12.0,12.0,5.0,6.1,999.0,0.125,0,0,0,1,0,0,10.08375,0,can cao cap
6.0,8.0,12.0,5.0,6.0,499.0,0.125,0,0,0,1,0,0,3.7,2,thap
12.0,12.0,48.0,5.0,6.5,1699.0,0.25,0,0,0,1,0,0,10.506666666666668,0,can cao cap
8.0,12.0,48.0,5.0,6.1,1099.0,0.125,0,0,0,1,0,0,10.506666666666668,0,can cao cap
6.0,8.0,48.0,5.0,6.1,599.0,0.125,0,0,0,1,0,0,3.7,2,thap
12.0,12.0,48.0,5.0,6.5,1799.0,0.25,0,0,0,1,0,0,11.306666666666668,0,can cao cap
8.0,12.0,48.0,5.0,6.1,1199.0,0.125,0,0,0,1,0,0,11.306666666666668,0,can cao cap
6.0,8.0,48.0,5.0,6.1,699.0,0.125,0,0,0,1,0,0,6.865,2,thap
12.0,16.0,13.0,10.1,12.2,999.0,0.5,0,0,0,1,0,0,8.524545454545455,1,trung
12.0,16.0,13.0,10.1,13.2,877.0,0.5,0,0,0,1,0,0,8.524545454545455,1,trung
4.0,8.0,12.2,3.0,5.6,399.0,0.0625,0,0,0,1,0,0,4.39,2,thap
4.0,8.0,12.2,3.7,6.0,479.0,0.0625,0,0,0,1,0,0,4.39,2,thap
6.0,8.0,12.2,2.8,5.7,799.0,0.0625,0,0,0,1,0,0,7.004285714285714,2,thap
6.0,8.0,12.2,3.7,6.3,899.0,0.0625,0,0,0,1,0,0,7.004285714285714,2,thap
6.0,8.0,12.2,3.14,5.8,349.0,0.125,0,0,0,1,0,0,3.49,2,thap
6.0,8.0,12.2,3.885,6.2,499.0,0.125,0,0,0,1,0,0,4.171818181818182,2,thap
8.0,8.0,12.2,4.08,6.0,699.0,0.125,0,0,0,1,0,0,4.171818181818182,2,thap
6.0,8.0,12.2,4.68,6.34,449.0,0.125,0,0,0,1,0,0,4.171818181818182,2,thap
8.0,8.0,50.0,4.614,6.4,699.0,0.125,0,0,0,1,0,0,6.823333333333334,2,thap
12.0,11.1,50.0,5.003,6.71,899.0,0.25,0,0,0,1,0,0,6.823333333333334,0,can cao cap
6.0,8.0,12.2,4.41,6.1,449.0,0.125,0,0,0,1,0,0,6.823333333333334,2,thap
8.0,10.8,50.0,4.355,6.3,599.0,0.125,0,0,0,1,0,0,6.656666666666666,2,thap
12.0,10.8,50.0,5.0,6.7,899.0,0.25,0,0,0,1,0,0,6.656666666666666,0,can cao cap
8.0,10.8,64.0,4.385,6.1,499.0,0.125,0,0,0,1,0,0,6.656666666666666,2,thap
8.0,10.5,50.0,4.575,6.2,699.0,0.125,0,0,0,1,0,0,7.49,2,thap
12.0,10.5,50.0,5.05,6.7,999.0,0.25,0,0,0,1,0,0,7.49,0,can cao cap
8.0,10.5,64.0,4.385,6.1,549.0,0.125,0,0,0,1,0,0,7.49,2,thap
8.0,10.8,50.0,4.6,6.3,799.0,0.125,0,0,0,1,0,0,12.49,0,can cao cap
12.0,10.8,50.0,5.05,6.7,1099.0,0.25,0,0,0,1,0,0,12.49,0,can cao cap
16.0,10.8,50.0,5.25,6.8,1299.0,0.5,0,0,0,1,0,0,12.49,0,can cao cap
16.0,10.8,50.0,5.5,7.6,1799.0,0.5,0,0,0,1,0,0,12.49,0,can cao cap
4.0,8.0,13.0,5.0,6.6,129.0,0.0625,0,0,0,1,0,0,1.34,2,thap
8.0,13.0,50.0,8.0,11.0,349.0,0.25,0,0,0,1,0,0,3.49,1,trung
3.0,5.0,8.0,5.0,6.52,99.0,0.0625,0,0,0,1,0,0,1.2525,2,thap
6.0,12.0,50.0,7.5,10.9,299.0,0.125,0,0,0,1,0,0,2.15,1,trung
8.0,32.0,50.0,5.2,6.8,499.0,0.25,0,0,0,1,0,0,3.192272727272728,2,thap
6.0,16.0,50.0,5.0,6.6,199.0,0.125,0,0,0,1,0,0,2.08375,2,thap
6.0,16.0,50.0,5.0,6.6,229.0,0.125,0,0,0,1,0,0,2.29,2,thap
8.0,32.0,50.0,5.2,6.8,269.0,0.25,0,0,0,1,0,0,2.853809523809524,2,thap
4.0,16.0,50.0,5.0,6.6,179.0,0.125,0,0,0,1,0,0,1.82,2,thap
12.0,32.0,64.0,5.5,7.85,1799.0,0.5,0,0,0,1,0,0,17.99,0,can cao cap
8.0,32.0,50.0,4.3,6.9,999.0,0.25,0,0,0,1,0,0,6.99,0,can cao cap
8.0,16.0,50.0,6.0,6.8,349.0,0.25,0,0,0,1,0,0,3.192272727272728,2,thap
4.0,16.0,50.0,5.0,6.6,149.0,0.125,0,0,0,1,0,0,1.82,2,thap
3.0,5.0,8.0,5.0,6.52,99.0,0.0625,0,0,0,1,0,0,1.2525,2,thap
12.0,50.0,108.0,5.2,6.9,1099.0,0.5,0,0,0,1,0,0,8.01909090909091,0,can cao cap
4.0,16.0,50.0,5.0,6.6,179.0,0.125,0,0,0,1,0,0,1.82,2,thap
8.0,32.0,50.0,5.2,6.8,329.0,0.25,0,0,0,1,0,0,3.192272727272728,2,thap
8.0,16.0,50.0,6.0,6.8,299.0,0.25,0,0,0,1,0,0,2.853809523809524,2,thap
12.0,50.0,108.0,5.2,6.9,1199.0,0.5,0,0,0,1,0,0,8.01909090909091,0,can cao cap
12.0,50.0,64.0,5.2,6.8,899.0,0.5,0,0,0,1,0,0,5.934285714285714,0,can cao cap
8.0,32.0,50.0,5.0,6.7,499.0,0.25,0,0,0,1,0,0,3.192272727272728,2,thap
6.0,32.0,50.0,5.0,6.7,349.0,0.125,0,0,0,1,0,0,2.853809523809524,2,thap
12.0,32.0,64.0,6.0,6.9,1099.0,0.5,0,0,0,1,0,0,4.364,0,can cao cap
8.0,32.0,50.0,5.2,6.8,269.0,0.25,0,0,0,1,0,0,2.853809523809524,2,thap
6.0,16.0,50.0,5.0,6.6,199.0,0.125,0,0,0,1,0,0,1.82,2,thap
4.0,16.0,50.0,5.0,6.6,179.0,0.125,0,0,0,1,0,0,1.82,2,thap
4.0,16.0,50.0,5.0,6.6,149.0,0.125,0,0,0,1,0,0,1.82,2,thap
3.0,5.0,8.0,5.0,6.52,99.0,0.0625,0,0,0,1,0,0,1.2525,2,thap
12.0,50.0,108.0,5.2,6.9,1099.0,0.5,0,0,0,1,0,0,8.01909090909091,0,can cao cap
12.0,50.0,108.0,5.2,6.9,899.0,0.25,0,0,0,1,0,0,3.192272727272728,0,can cao cap
8.0,32.0,50.0,5.0,6.7,449.0,0.25,0,0,0,1,0,0,2.853809523809524,2,thap
12.0,50.0,108.0,5.2,6.8,1049.0,0.5,0,0,0,1,0,0,5.934285714285714,0,can cao cap
8.0,32.0,50.0,5.0,6.7,499.0,0.25,0,0,0,1,0,0,3.192272727272728,2,thap
6.0,32.0,50.0,5.0,6.7,349.0,0.125,0,0,0,1,0,0,2.853809523809524,2,thap
6.0,32.0,50.0,5.0,6.7,349.0,0.125,0,0,0,1,0,0,2.853809523809524,2,thap
8.0,32.0,50.0,6.0,6.9,699.0,0.5,0,0,0,1,0,0,4.37,0,can cao cap
8.0,16.0,50.0,6.0,6.8,329.0,0.25,0,0,0,1,0,0,2.853809523809524,2,thap
6.0,8.0,13.0,7.0,10.1,299.0,0.125,0,0,0,1,0,0,2.853809523809524,1,trung
8.0,16.0,50.0,8.0,10.4,399.0,0.125,0,0,0,1,0,0,3.192272727272728,1,trung
4.0,5.0,8.0,6.0,9.7,219.0,0.125,0,0,0,1,0,0,1.7366666666666666,2,thap
12.0,32.0,50.0,9.0,11.0,549.0,0.125,0,0,0,1,0,0,8.01909090909091,1,trung
6.0,8.0,50.0,5.0,6.78,219.0,0.125,0,0,0,1,0,0,1.82,2,thap
4.0,8.0,50.0,5.0,6.6,179.0,0.125,0,0,0,1,0,0,1.7366666666666666,2,thap
8.0,16.0,50.0,5.2,6.78,289.0,0.125,0,0,0,1,0,0,3.192272727272728,2,thap
8.0,16.0,50.0,5.0,6.8,269.0,0.125,0,0,0,1,0,0,2.853809523809524,2,thap
12.0,32.0,108.0,5.3,6.9,379.0,0.125,0,0,0,1,0,0,8.01909090909091,0,can cao cap
12.0,32.0,108.0,5.5,6.9,449.0,0.125,0,0,0,1,0,0,5.934285714285714,0,can cao cap
8.0,32.0,108.0,5.2,6.8,349.0,0.125,0,0,0,1,0,0,3.0380000000000003,2,thap
8.0,32.0,50.0,5.0,6.78,279.0,0.125,0,0,0,1,0,0,2.853809523809524,2,thap
8.0,32.0,108.0,5.2,6.8,319.0,0.125,0,0,0,1,0,0,4.364,2,thap
12.0,32.0,108.0,5.3,6.8,399.0,0.125,0,0,0,1,0,0,6.444545454545455,0,can cao cap
12.0,32.0,108.0,5.5,6.9,449.0,0.125,0,0,0,1,0,0,8.01909090909091,0,can cao cap
8.0,32.0,50.0,5.0,6.78,199.0,0.125,0,0,0,1,0,0,1.9218181818181816,2,thap
4.0,8.0,13.0,5.0,6.6,159.0,0.125,0,0,0,1,0,0,1.7366666666666666,2,thap
8.0,32.0,108.0,5.0,6.78,229.0,0.125,0,0,0,1,0,0,2.853809523809524,2,thap
12.0,50.0,108.0,5.0,6.78,349.0,0.125,0,0,0,1,0,0,5.934285714285714,0,can cao cap
12.0,50.0,108.0,5.0,6.78,379.0,0.125,0,0,0,1,0,0,5.934285714285714,0,can cao cap
8.0,32.0,108.0,4.5,6.7,399.0,0.125,0,0,0,1,0,0,5.365,0,can cao cap
8.0,32.0,108.0,5.0,6.78,279.0,0.125,0,0,0,1,0,0,2.853809523809524,2,thap
12.0,32.0,108.0,5.0,6.78,329.0,0.125,0,0,0,1,0,0,4.364,0,can cao cap
8.0,8.0,50.0,5.0,6.78,199.0,0.125,0,0,0,1,0,0,1.9218181818181816,2,thap
4.0,8.0,13.0,5.0,6.6,159.0,0.125,0,0,0,1,0,0,1.7366666666666666,2,thap
4.0,8.0,13.0,5.0,6.6,159.0,0.125,0,0,0,1,0,0,1.7366666666666666,2,thap
4.0,8.0,16.0,6.0,6.82,179.0,0.125,0,0,0,1,0,0,1.89,2,thap
8.0,8.0,50.0,5.0,6.78,239.0,0.125,0,0,0,1,0,0,3.192272727272728,2,thap
8.0,50.0,108.0,5.0,6.78,349.0,0.25,0,0,0,1,0,0,3.923333333333333,0,can cao cap
12.0,50.0,108.0,5.0,6.78,379.0,0.25,0,0,0,1,0,0,3.923333333333333,0,can cao cap
8.0,32.0,108.0,5.0,6.67,399.0,0.25,0,0,0,1,0,0,6.99,0,can cao cap
6.0,8.0,13.0,5.0,6.82,179.0,0.125,0,0,0,1,0,0,1.82,2,thap
4.0,8.0,13.0,6.0,6.82,159.0,0.125,0,0,0,1,0,0,1.89,2,thap
8.0,8.0,50.0,5.0,6.6,199.0,0.125,0,0,0,1,0,0,1.7966666666666666,2,thap
4.0,8.0,13.0,5.0,6.6,139.0,0.0625,0,0,0,1,0,0,1.34,2,thap
6.0,8.0,50.0,5.0,6.82,199.0,0.125,0,0,0,1,0,0,1.82,2,thap
4.0,8.0,13.0,6.0,6.82,159.0,0.125,0,0,0,1,0,0,1.89,2,thap
8.0,8.0,50.0,5.0,6.78,219.0,0.125,0,0,0,1,0,0,2.715,2,thap
6.0,8.0,50.0,5.0,6.6,239.0,0.125,0,0,0,1,0,0,3.192272727272728,2,thap
4.0,8.0,13.0,5.0,6.6,139.0,0.0625,0,0,0,1,0,0,1.515,2,thap
4.0,8.0,48.0,5.0,6.82,149.0,0.125,0,0,0,1,0,0,1.5566666666666666,2,thap
6.0,8.0,48.0,6.0,6.82,169.0,0.125,0,0,0,1,0,0,1.82,2,thap
6.0,8.0,48.0,6.0,6.82,179.0,0.125,0,0,0,1,0,0,1.82,2,thap
3.0,8.0,13.0,5.0,6.6,109.0,0.0625,0,0,0,1,0,0,1.09,2,thap
4.0,8.0,13.0,6.0,6.82,139.0,0.0625,0,0,0,1,0,0,1.515,2,thap
4.0,8.0,13.0,5.2,6.6,159.0,0.125,0,0,0,1,0,0,1.5566666666666666,2,thap
4.0,8.0,13.0,6.0,6.82,169.0,0.125,0,0,0,1,0,0,1.69,2,thap
6.0,8.0,50.0,5.0,6.78,189.0,0.125,0,0,0,1,0,0,1.9218181818181816,2,thap
6.0,8.0,48.0,5.2,6.78,199.0,0.125,0,0,0,1,0,0,2.15,2,thap
3.0,8.0,13.0,5.0,6.6,109.0,0.0625,0,0,0,1,0,0,1.09,2,thap
6.0,16.0,64.0,5.2,6.95,229.0,0.125,0,0,0,1,0,0,2.15,2,thap
8.0,16.0,48.0,4.5,6.85,249.0,0.125,0,0,0,1,0,0,2.64,2,thap
4.0,8.0,16.0,5.2,6.78,159.0,0.125,0,0,0,1,0,0,1.5566666666666666,2,thap
8.0,48.0,64.0,4.5,6.85,279.0,0.125,0,0,0,1,0,0,2.64,2,thap
3.0,8.0,13.0,5.0,6.6,99.0,0.0625,0,0,0,1,0,0,0.99,2,thap
4.0,8.0,48.0,3.75,6.5,219.0,0.125,0,1,0,0,0,0,2.19,2,thap
8.0,32.0,40.0,4.0,6.53,449.0,0.125,0,1,0,0,0,0,4.49,2,thap
8.0,32.0,50.0,4.0,6.57,599.0,0.125,0,1,0,0,0,0,6.156666666666666,0,can cao cap
12.0,32.0,50.0,4.0,6.57,699.0,0.125,0,1,0,0,0,0,6.156666666666666,0,can cao cap
6.0,16.0,64.0,4.0,6.5,349.0,0.125,0,1,0,0,0,0,3.34,2,thap
6.0,16.0,40.0,4.3,6.63,319.0,0.125,0,1,0,0,0,0,3.34,2,thap
8.0,8.0,48.0,5.0,7.09,379.0,0.125,0,1,0,0,0,0,3.756666666666667,2,thap
6.0,16.0,64.0,4.3,6.81,349.0,0.125,0,1,0,0,0,0,3.756666666666667,2,thap
8.0,32.0,40.0,4.2,6.57,549.0,0.125,0,1,0,0,0,0,6.156666666666666,0,can cao cap
4.0,8.0,48.0,5.0,6.67,229.0,0.125,0,1,0,0,0,0,2.29,2,thap
8.0,16.0,50.0,4.0,6.72,599.0,0.125,0,1,0,0,0,0,5.99,2,thap
8.0,32.0,108.0,4.3,6.57,549.0,0.125,0,1,0,0,0,0,5.365,0,can cao cap
8.0,32.0,108.0,4.0,6.72,649.0,0.125,0,1,0,0,0,0,5.365,0,can cao cap
8.0,16.0,108.0,4.0,6.78,449.0,0.125,0,1,0,0,0,0,4.37,2,thap
6.0,16.0,64.0,4.3,6.67,379.0,0.125,0,1,0,0,0,0,4.37,2,thap
6.0,16.0,64.0,4.0,6.6,299.0,0.125,0,1,0,0,0,0,2.297333333333333,2,thap
8.0,16.0,64.0,3.8,6.53,319.0,0.125,0,1,0,0,0,0,3.19,2,thap
6.0,8.0,13.0,5.0,6.5,219.0,0.125,0,1,0,0,0,0,1.89,2,thap
8.0,13.0,50.0,4.6,6.76,899.0,0.125,0,1,0,0,0,0,8.99,0,can cao cap
8.0,13.0,50.0,4.6,6.76,1099.0,0.125,0,1,0,0,0,0,11.99,0,can cao cap
12.0,13.0,50.0,4.6,6.76,1299.0,0.125,0,1,0,0,0,0,11.99,0,can cao cap
8.0,32.0,108.0,4.8,6.67,549.0,0.125,0,1,0,0,0,0,5.365,0,can cao cap
8.0,50.0,108.0,4.8,6.78,649.0,0.125,0,1,0,0,0,0,5.99,0,can cao cap
8.0,16.0,64.0,4.3,6.67,449.0,0.125,0,1,0,0,0,0,4.37,2,thap
6.0,16.0,48.0,4.8,6.81,379.0,0.125,0,1,0,0,0,0,2.67875,2,thap
6.0,16.0,48.0,4.0,6.7,299.0,0.125,0,1,0,0,0,0,3.192272727272728,2,thap
8.0,8.0,64.0,5.0,7.09,499.0,0.125,0,1,0,0,0,0,4.37,2,thap
6.0,5.0,13.0,5.0,6.52,179.0,0.125,0,1,0,0,0,0,1.79,2,thap
6.0,5.0,13.0,5.0,6.74,229.0,0.125,0,1,0,0,0,0,2.297333333333333,2,thap
8.0,12.0,50.0,4.8,6.81,899.0,0.125,0,1,0,0,0,0,12.74,0,can cao cap
8.0,12.0,50.0,4.6,6.81,1099.0,0.125,0,1,0,0,0,0,12.74,0,can cao cap
12.0,12.0,50.0,4.6,6.81,1299.0,0.125,0,1,0,0,0,0,12.74,0,can cao cap
12.0,42.0,50.0,4.75,7.9,1799.0,0.125,0,1,0,0,0,0,12.74,0,can cao cap
8.0,32.0,54.0,4.8,6.67,549.0,0.125,0,1,0,0,0,0,5.99,0,can cao cap
8.0,50.0,54.0,4.5,6.78,699.0,0.125,0,1,0,0,0,0,6.99,0,can cao cap
12.0,50.0,54.0,4.5,6.78,799.0,0.125,0,1,0,0,0,0,6.444545454545455,0,can cao cap
6.0,8.0,50.0,5.1,6.67,299.0,0.125,0,1,0,0,0,0,2.67875,2,thap
6.0,8.0,50.0,4.0,6.7,279.0,0.125,0,1,0,0,0,0,2.297333333333333,2,thap
4.0,5.0,13.0,5.2,6.74,159.0,0.125,0,1,0,0,0,0,1.89,2,thap
6.0,5.0,13.0,5.2,6.74,199.0,0.125,0,1,0,0,0,0,2.29,2,thap
8.0,12.0,50.0,5.1,6.81,999.0,0.125,0,1,0,0,0,0,11.5425,0,can cao cap
12.0,12.0,50.0,5.1,6.81,1199.0,0.125,0,1,0,0,0,0,11.5425,0,can cao cap
16.0,12.0,50.0,5.45,6.81,1399.0,0.125,0,1,0,0,0,0,11.5425,0,can cao cap
12.0,16.0,50.0,5.0,7.9,1699.0,0.125,0,1,0,0,0,0,9.99,0,can cao cap
8.0,32.0,160.0,4.8,6.67,549.0,0.125,0,1,0,0,0,0,3.69,0,can cao cap
12.0,50.0,160.0,4.8,6.78,799.0,0.125,0,1,0,0,0,0,9.99,0,can cao cap
8.0,32.0,64.0,4.6,6.67,399.0,0.125,0,1,0,0,0,0,4.37,0,can cao cap
6.0,8.0,108.0,5.8,6.78,299.0,0.125,0,1,0,0,0,0,3.3233333333333333,2,thap
6.0,8.0,100.0,4.5,6.7,249.0,0.125,0,1,0,0,0,0,2.29,2,thap
4.0,5.0,13.0,5.0,6.52,149.0,0.125,0,1,0,0,0,0,1.49,2,thap
6.0,5.0,50.0,5.2,6.74,189.0,0.125,0,1,0,0,0,0,2.08375,2,thap
8.0,12.0,50.0,5.2,6.81,1099.0,0.125,0,1,0,0,0,0,11.99,0,can cao cap
12.0,12.0,50.0,5.5,6.81,1299.0,0.125,0,1,0,0,0,0,11.99,0,can cao cap
16.0,12.0,50.0,5.55,6.81,1499.0,0.125,0,1,0,0,0,0,11.99,0,can cao cap
12.0,16.0,50.0,5.0,7.92,1899.0,0.125,0,1,0,0,0,0,11.5425,0,can cao cap
12.0,50.0,200.0,5.0,6.7,599.0,0.125,0,1,0,0,0,0,5.99,0,can cao cap
12.0,50.0,200.0,5.0,6.78,699.0,0.125,0,1,0,0,0,0,9.99,0,can cao cap
8.0,32.0,64.0,4.6,6.67,399.0,0.125,0,1,0,0,0,0,4.37,0,can cao cap
6.0,8.0,108.0,5.8,6.78,299.0,0.125,0,1,0,0,0,0,3.3233333333333333,2,thap
6.0,8.0,100.0,4.5,6.7,249.0,0.125,0,1,0,0,0,0,2.29,2,thap
4.0,5.0,13.0,5.0,6.52,149.0,0.125,0,1,0,0,0,0,1.49,2,thap
6.0,5.0,50.0,5.2,6.74,189.0,0.125,0,1,0,0,0,0,2.08375,2,thap
8.0,12.0,50.0,5.2,6.81,1099.0,0.125,0,1,0,0,0,0,11.99,0,can cao cap
12.0,12.0,50.0,5.5,6.81,1299.0,0.125,0,1,0,0,0,0,11.99,0,can cao cap
16.0,12.0,50.0,5.55,6.81,1499.0,0.125,0,1,0,0,0,0,11.99,0,can cao cap
12.0,16.0,50.0,5.0,7.92,1899.0,0.125,0,1,0,0,0,0,11.5425,0,can cao cap
4.0,2.0,5.0,5.1,10.1,199.0,0.125,0,1,0,0,0,0,1.99,2,thap
3.0,2.0,5.0,5.1,9.7,159.0,0.125,0,1,0,0,0,0,1.59,2,thap
4.0,2.0,5.0,5.1,10.1,229.0,0.125,0,1,0,0,0,0,2.15,2,thap
6.0,8.0,13.0,7.25,10.4,399.0,0.125,0,1,0,0,0,0,3.756666666666667,1,trung
8.0,8.0,13.0,7.25,11.0,499.0,0.125,0,1,0,0,0,0,4.99,1,trung
6.0,5.0,5.0,7.25,12.0,299.0,0.125,0,1,0,0,0,0,2.334,1,trung
4.0,2.0,5.0,5.1,10.1,189.0,0.125,0,1,0,0,0,0,2.15,2,thap
3.0,2.0,5.0,5.0,9.7,149.0,0.125,0,1,0,0,0,0,1.4233333333333331,2,thap
6.0,5.0,13.0,7.25,11.0,449.0,0.125,0,1,0,0,0,0,3.923333333333333,1,trung
8.0,8.0,13.0,8.5,12.1,649.0,0.125,0,1,0,0,0,0,6.444545454545455,1,trung
8.0,8.0,13.0,8.3,12.1,399.0,0.125,0,1,0,0,0,0,3.3233333333333333,1,trung
12.0,8.0,13.0,9.0,12.6,499.0,0.125,0,1,0,0,0,0,4.364,1,trung
6.0,5.0,8.0,7.25,11.5,299.0,0.125,0,1,0,0,0,0,3.49,1,trung
4.0,2.0,5.0,5.1,10.1,189.0,0.125,0,1,0,0,0,0,2.15,2,thap
12.0,8.0,13.0,10.0,13.0,799.0,0.125,0,1,0,0,0,0,9.99,1,trung
16.0,12.0,16.0,10.5,13.2,899.0,0.125,0,1,0,0,0,0,11.5425,1,trung
4.0,2.0,5.0,5.0,9.7,149.0,0.125,0,1,0,0,0,0,1.4233333333333331,2,thap
3.0,2.0,5.0,5.1,9.7,129.0,0.125,0,1,0,0,0,0,1.4233333333333331,2,thap
8.0,8.0,13.0,8.0,11.6,399.0,0.125,0,1,0,0,0,0,3.463333333333333,1,trung
8.0,8.0,13.0,8.5,12.1,649.0,0.125,0,1,0,0,0,0,6.444545454545455,1,trung
12.0,12.0,16.0,10.5,13.5,999.0,0.125,0,1,0,0,0,0,11.99,1,trung
6.0,5.0,8.0,8.85,12.1,399.0,0.125,0,1,0,0,0,0,3.49,1,trung
8.0,8.0,13.0,9.0,12.6,499.0,0.125,0,1,0,0,0,0,3.463333333333333,1,trung
12.0,12.0,16.0,10.5,13.0,799.0,0.125,0,1,0,0,0,0,11.99,1,trung
8.0,8.0,13.0,8.5,12.1,649.0,0.125,0,1,0,0,0,0,6.444545454545455,1,trung
6.0,20.0,64.0,4.7,6.67,499.0,0.125,0,0,0,1,0,0,6.934444444444445,2,thap
4.0,16.0,48.0,5.0,6.67,199.0,0.0625,0,0,0,1,0,0,1.99,2,thap
6.0,20.0,64.0,5.16,6.67,229.0,0.125,0,0,0,1,0,0,2.29,2,thap
4.0,8.0,48.0,6.0,6.53,149.0,0.0625,0,0,0,1,0,0,2.315,2,thap
6.0,20.0,48.0,4.52,6.67,349.0,0.125,0,0,0,1,0,0,4.3,2,thap
6.0,20.0,48.0,5.16,6.67,249.0,0.125,0,0,0,1,0,0,2.49,2,thap
4.0,8.0,48.0,5.0,6.5,199.0,0.0625,0,0,0,1,0,0,2.297333333333333,2,thap
6.0,16.0,64.0,5.065,6.67,399.0,0.125,0,0,0,1,0,0,4.334444444444444,2,thap
6.0,16.0,64.0,5.0,6.6,279.0,0.125,0,0,0,1,0,0,2.79,2,thap
4.0,16.0,50.0,5.0,6.6,219.0,0.125,0,0,0,1,0,0,3.192272727272728,2,thap
6.0,20.0,64.0,4.5,6.67,349.0,0.125,0,0,0,1,0,0,4.3,2,thap
8.0,20.0,64.0,4.7,6.67,499.0,0.125,0,0,0,1,0,0,10.08375,0,can cao cap
6.0,16.0,108.0,5.0,6.67,299.0,0.125,0,0,0,1,0,0,3.7,2,thap
6.0,16.0,64.0,5.0,6.43,219.0,0.125,0,0,0,1,0,0,2.715,2,thap
4.0,5.0,50.0,5.0,6.58,199.0,0.125,0,0,0,1,0,0,2.853809523809524,2,thap
4.0,13.0,64.0,5.0,6.43,229.0,0.125,0,0,0,1,0,0,2.29,2,thap
6.0,16.0,64.0,5.0,6.67,349.0,0.125,0,0,0,1,0,0,3.49,2,thap
8.0,20.0,64.0,5.16,6.67,499.0,0.25,0,0,0,1,0,0,7.823333333333334,0,can cao cap
6.0,13.0,48.0,5.0,6.67,279.0,0.125,0,0,0,1,0,0,3.7,2,thap
6.0,16.0,108.0,5.0,6.67,329.0,0.125,0,0,0,1,0,0,5.1525,2,thap
4.0,8.0,50.0,5.0,6.58,199.0,0.0625,0,0,0,1,0,0,1.9218181818181816,2,thap
6.0,8.0,50.0,5.0,6.79,219.0,0.125,0,0,0,1,0,0,2.19,2,thap
6.0,16.0,64.0,5.0,6.67,349.0,0.125,0,0,0,1,0,0,4.364,2,thap
8.0,20.0,108.0,5.0,6.67,399.0,0.25,0,0,0,1,0,0,3.99,2,thap
6.0,20.0,64.0,5.0,6.67,449.0,0.125,0,0,0,1,0,0,10.506666666666668,2,thap
8.0,20.0,108.0,5.16,6.67,549.0,0.25,0,0,0,1,0,0,5.49,0,can cao cap
4.0,5.0,50.0,5.0,6.5,149.0,0.0625,0,0,0,1,0,0,1.82,2,thap
6.0,16.0,64.0,5.0,6.67,329.0,0.125,0,0,0,1,0,0,5.934285714285714,2,thap
8.0,20.0,108.0,6.0,6.67,399.0,0.25,0,0,0,1,0,0,3.99,2,thap
6.0,8.0,50.0,5.11,6.67,229.0,0.125,0,0,0,1,0,0,2.73,2,thap
8.0,8.0,8.0,10.0,12.1,280.0,0.125,0,0,0,1,0,0,4.133333333333333,1,trung
8.0,8.0,8.0,10.0,12.1,300.0,0.25,0,0,0,1,0,0,4.133333333333333,1,trung
12.0,10.0,50.0,4.4,7.6,1899.0,0.25,0,0,0,0,1,0,11.306666666666668,0,can cao cap
12.0,10.0,50.0,4.4,7.6,1719.0,0.5,0,0,0,0,1,0,11.306666666666668,0,can cao cap
